{
"meta":{"test_sets":[],"test_metrics":[],"learn_metrics":[{"best_value":"Min","name":"Logloss"}],"launch_mode":"Train","parameters":"","iteration_count":1000,"learn_sets":["learn"],"name":"experiment"},
"iterations":[
{"learn":[0.6460199145],"iteration":0,"passed_time":0.07486085082,"remaining_time":74.78598997},
{"learn":[0.607376213],"iteration":1,"passed_time":0.08073210289,"remaining_time":40.28531934},
{"learn":[0.5731670103],"iteration":2,"passed_time":0.08660891105,"remaining_time":28.7830281},
{"learn":[0.5453164221],"iteration":3,"passed_time":0.09323735601,"remaining_time":23.21610165},
{"learn":[0.5196631766],"iteration":4,"passed_time":0.09913301059,"remaining_time":19.72746911},
{"learn":[0.4956947824],"iteration":5,"passed_time":0.1064699864,"remaining_time":17.63852775},
{"learn":[0.4776644179],"iteration":6,"passed_time":0.1146566192,"remaining_time":16.2648604},
{"learn":[0.4619345113],"iteration":7,"passed_time":0.1227501372,"remaining_time":15.22101701},
{"learn":[0.447251781],"iteration":8,"passed_time":0.1287919695,"remaining_time":14.18142686},
{"learn":[0.4336661486],"iteration":9,"passed_time":0.1350549602,"remaining_time":13.37044106},
{"learn":[0.4219940652],"iteration":10,"passed_time":0.1418656926,"remaining_time":12.75501545},
{"learn":[0.4101637145],"iteration":11,"passed_time":0.148760621,"remaining_time":12.2479578},
{"learn":[0.4008445555],"iteration":12,"passed_time":0.1549896061,"remaining_time":11.76728779},
{"learn":[0.3947660464],"iteration":13,"passed_time":0.1610048774,"remaining_time":11.33934351},
{"learn":[0.386774018],"iteration":14,"passed_time":0.167447449,"remaining_time":10.99571582},
{"learn":[0.3809386631],"iteration":15,"passed_time":0.1735237826,"remaining_time":10.67171263},
{"learn":[0.3753178034],"iteration":16,"passed_time":0.1793036797,"remaining_time":10.3679716},
{"learn":[0.3702201413],"iteration":17,"passed_time":0.1868284984,"remaining_time":10.19253253},
{"learn":[0.3653749037],"iteration":18,"passed_time":0.194328937,"remaining_time":10.03350985},
{"learn":[0.3619442655],"iteration":19,"passed_time":0.2009807334,"remaining_time":9.848055934},
{"learn":[0.3580527316],"iteration":20,"passed_time":0.2072694633,"remaining_time":9.66270498},
{"learn":[0.354578345],"iteration":21,"passed_time":0.2147262212,"remaining_time":9.545556561},
{"learn":[0.351430809],"iteration":22,"passed_time":0.2211293328,"remaining_time":9.393189485},
{"learn":[0.3487259034],"iteration":23,"passed_time":0.2269982377,"remaining_time":9.231261667},
{"learn":[0.3461465579],"iteration":24,"passed_time":0.2337926935,"remaining_time":9.117915048},
{"learn":[0.3441036269],"iteration":25,"passed_time":0.2395260369,"remaining_time":8.973013842},
{"learn":[0.3417057686],"iteration":26,"passed_time":0.2460565048,"remaining_time":8.867147375},
{"learn":[0.3406106132],"iteration":27,"passed_time":0.252150585,"remaining_time":8.753227451},
{"learn":[0.3382901574],"iteration":28,"passed_time":0.2582121308,"remaining_time":8.645654448},
{"learn":[0.3366685804],"iteration":29,"passed_time":0.2648237978,"remaining_time":8.562636129},
{"learn":[0.3347925299],"iteration":30,"passed_time":0.2708172374,"remaining_time":8.46522268},
{"learn":[0.3334745182],"iteration":31,"passed_time":0.2766487952,"remaining_time":8.368626054},
{"learn":[0.331775058],"iteration":32,"passed_time":0.2825922377,"remaining_time":8.280808905},
{"learn":[0.3308735143],"iteration":33,"passed_time":0.2885865664,"remaining_time":8.199253622},
{"learn":[0.3293308756],"iteration":34,"passed_time":0.2944220598,"remaining_time":8.117636791},
{"learn":[0.3278012924],"iteration":35,"passed_time":0.3007266403,"remaining_time":8.052791145},
{"learn":[0.3266328243],"iteration":36,"passed_time":0.3065525936,"remaining_time":7.978652638},
{"learn":[0.3255337205],"iteration":37,"passed_time":0.3122755221,"remaining_time":7.905501375},
{"learn":[0.3243756626],"iteration":38,"passed_time":0.3188211908,"remaining_time":7.856081138},
{"learn":[0.3234472594],"iteration":39,"passed_time":0.3268978616,"remaining_time":7.845548678},
{"learn":[0.3224765296],"iteration":40,"passed_time":0.33278704,"remaining_time":7.783970033},
{"learn":[0.3216895384],"iteration":41,"passed_time":0.3386088173,"remaining_time":7.723505881},
{"learn":[0.3208705308],"iteration":42,"passed_time":0.3459646186,"remaining_time":7.699724186},
{"learn":[0.3200437803],"iteration":43,"passed_time":0.3517808418,"remaining_time":7.643238291},
{"learn":[0.3193251188],"iteration":44,"passed_time":0.3577436258,"remaining_time":7.592114726},
{"learn":[0.3183329396],"iteration":45,"passed_time":0.3632918468,"remaining_time":7.534356997},
{"learn":[0.3175385989],"iteration":46,"passed_time":0.3692224757,"remaining_time":7.48657488},
{"learn":[0.3166456656],"iteration":47,"passed_time":0.3748418137,"remaining_time":7.434362639},
{"learn":[0.3160219837],"iteration":48,"passed_time":0.3806761587,"remaining_time":7.388225039},
{"learn":[0.3153985213],"iteration":49,"passed_time":0.386519954,"remaining_time":7.343879126},
{"learn":[0.3144422222],"iteration":50,"passed_time":0.3922141477,"remaining_time":7.298259337},
{"learn":[0.3138672004],"iteration":51,"passed_time":0.3981913358,"remaining_time":7.259334352},
{"learn":[0.3132465532],"iteration":52,"passed_time":0.4043670292,"remaining_time":7.225199559},
{"learn":[0.3126721161],"iteration":53,"passed_time":0.4103785245,"remaining_time":7.189223781},
{"learn":[0.3120640161],"iteration":54,"passed_time":0.4162678506,"remaining_time":7.152238524},
{"learn":[0.3117080888],"iteration":55,"passed_time":0.4224478284,"remaining_time":7.121263392},
{"learn":[0.3113781458],"iteration":56,"passed_time":0.4284250614,"remaining_time":7.087804087},
{"learn":[0.310827317],"iteration":57,"passed_time":0.4342358016,"remaining_time":7.052588364},
{"learn":[0.3102751843],"iteration":58,"passed_time":0.4402723735,"remaining_time":7.021971245},
{"learn":[0.3099332129],"iteration":59,"passed_time":0.4460314734,"remaining_time":6.987826417},
{"learn":[0.3094840711],"iteration":60,"passed_time":0.454806573,"remaining_time":7.001038885},
{"learn":[0.3089047689],"iteration":61,"passed_time":0.4609921325,"remaining_time":6.974364843},
{"learn":[0.3084061078],"iteration":62,"passed_time":0.4668701814,"remaining_time":6.943767618},
{"learn":[0.3080163172],"iteration":63,"passed_time":0.4726282025,"remaining_time":6.912187462},
{"learn":[0.3075815818],"iteration":64,"passed_time":0.4784595046,"remaining_time":6.882455951},
{"learn":[0.3073630898],"iteration":65,"passed_time":0.4843784723,"remaining_time":6.854689289},
{"learn":[0.3066806917],"iteration":66,"passed_time":0.4911575,"remaining_time":6.839551455},
{"learn":[0.3063875114],"iteration":67,"passed_time":0.4987578334,"remaining_time":6.835916187},
{"learn":[0.3060204959],"iteration":68,"passed_time":0.5048500301,"remaining_time":6.811817073},
{"learn":[0.3056616143],"iteration":69,"passed_time":0.5108640443,"remaining_time":6.787193732},
{"learn":[0.3053448126],"iteration":70,"passed_time":0.5171518495,"remaining_time":6.766677017},
{"learn":[0.3049862681],"iteration":71,"passed_time":0.5230067887,"remaining_time":6.740976388},
{"learn":[0.3044994382],"iteration":72,"passed_time":0.5288462884,"remaining_time":6.715623416},
{"learn":[0.3038365337],"iteration":73,"passed_time":0.534596579,"remaining_time":6.689681515},
{"learn":[0.3035219501],"iteration":74,"passed_time":0.5403668141,"remaining_time":6.66452404},
{"learn":[0.3031749869],"iteration":75,"passed_time":0.5462840926,"remaining_time":6.641664495},
{"learn":[0.3029164648],"iteration":76,"passed_time":0.5519223474,"remaining_time":6.615900346},
{"learn":[0.3026450805],"iteration":77,"passed_time":0.5574560467,"remaining_time":6.589416346},
{"learn":[0.3024440808],"iteration":78,"passed_time":0.5634923489,"remaining_time":6.569322194},
{"learn":[0.3021164402],"iteration":79,"passed_time":0.5694689336,"remaining_time":6.548892736},
{"learn":[0.3017193432],"iteration":80,"passed_time":0.575094051,"remaining_time":6.524832505},
{"learn":[0.3014241763],"iteration":81,"passed_time":0.5810010815,"remaining_time":6.504377961},
{"learn":[0.3011205812],"iteration":82,"passed_time":0.5871106419,"remaining_time":6.486511549},
{"learn":[0.3008283514],"iteration":83,"passed_time":0.5925001205,"remaining_time":6.461072743},
{"learn":[0.3004985269],"iteration":84,"passed_time":0.5983796879,"remaining_time":6.441381346},
{"learn":[0.3002433778],"iteration":85,"passed_time":0.6039175668,"remaining_time":6.418379721},
{"learn":[0.3000177711],"iteration":86,"passed_time":0.6107469956,"remaining_time":6.409333414},
{"learn":[0.2998654252],"iteration":87,"passed_time":0.6192318829,"remaining_time":6.417494059},
{"learn":[0.2995056487],"iteration":88,"passed_time":0.624985077,"remaining_time":6.397319159},
{"learn":[0.2992541789],"iteration":89,"passed_time":0.6304888453,"remaining_time":6.374942769},
{"learn":[0.2989962724],"iteration":90,"passed_time":0.6361135337,"remaining_time":6.354145079},
{"learn":[0.298750979],"iteration":91,"passed_time":0.6418192116,"remaining_time":6.334476567},
{"learn":[0.2984927591],"iteration":92,"passed_time":0.6472805364,"remaining_time":6.312725231},
{"learn":[0.298228355],"iteration":93,"passed_time":0.6536247525,"remaining_time":6.299830062},
{"learn":[0.2980262713],"iteration":94,"passed_time":0.6593710925,"remaining_time":6.28137725},
{"learn":[0.2978205649],"iteration":95,"passed_time":0.6648532898,"remaining_time":6.260701813},
{"learn":[0.2970940515],"iteration":96,"passed_time":0.6704757961,"remaining_time":6.241645813},
{"learn":[0.296790708],"iteration":97,"passed_time":0.6762280025,"remaining_time":6.224057737},
{"learn":[0.2965756596],"iteration":98,"passed_time":0.6822590007,"remaining_time":6.209246056},
{"learn":[0.2961515567],"iteration":99,"passed_time":0.6882681268,"remaining_time":6.194413141},
{"learn":[0.2955586222],"iteration":100,"passed_time":0.6940012478,"remaining_time":6.177298235},
{"learn":[0.2953824301],"iteration":101,"passed_time":0.6992956146,"remaining_time":6.156543744},
{"learn":[0.2952412119],"iteration":102,"passed_time":0.705066267,"remaining_time":6.140237297},
{"learn":[0.2950480733],"iteration":103,"passed_time":0.7105801071,"remaining_time":6.121920923},
{"learn":[0.2949116677],"iteration":104,"passed_time":0.7177107867,"remaining_time":6.117630039},
{"learn":[0.2946617425],"iteration":105,"passed_time":0.7248090718,"remaining_time":6.113012361},
{"learn":[0.2944997454],"iteration":106,"passed_time":0.7301632908,"remaining_time":6.093792698},
{"learn":[0.2943090744],"iteration":107,"passed_time":0.7358176295,"remaining_time":6.07730857},
{"learn":[0.294162147],"iteration":108,"passed_time":0.7414972564,"remaining_time":6.061229867},
{"learn":[0.2939584646],"iteration":109,"passed_time":0.746877158,"remaining_time":6.042915188},
{"learn":[0.2937671982],"iteration":110,"passed_time":0.7527149459,"remaining_time":6.028500783},
{"learn":[0.293631723],"iteration":111,"passed_time":0.7591802289,"remaining_time":6.019214672},
{"learn":[0.2934806253],"iteration":112,"passed_time":0.7654026945,"remaining_time":6.008072478},
{"learn":[0.2933424851],"iteration":113,"passed_time":0.7718816518,"remaining_time":5.999010031},
{"learn":[0.2931719773],"iteration":114,"passed_time":0.7796394835,"remaining_time":5.999834286},
{"learn":[0.2929577246],"iteration":115,"passed_time":0.7865945864,"remaining_time":5.994393228},
{"learn":[0.2927798348],"iteration":116,"passed_time":0.7924470451,"remaining_time":5.980604622},
{"learn":[0.2926029906],"iteration":117,"passed_time":0.8003298525,"remaining_time":5.982126525},
{"learn":[0.2925032624],"iteration":118,"passed_time":0.8066629622,"remaining_time":5.972017392},
{"learn":[0.292420197],"iteration":119,"passed_time":0.8140055688,"remaining_time":5.969374171},
{"learn":[0.2922809572],"iteration":120,"passed_time":0.8208152058,"remaining_time":5.962781536},
{"learn":[0.2921690825],"iteration":121,"passed_time":0.8271548979,"remaining_time":5.952803282},
{"learn":[0.292042209],"iteration":122,"passed_time":0.8358024198,"remaining_time":5.959339205},
{"learn":[0.2918148804],"iteration":123,"passed_time":0.842336967,"remaining_time":5.950703089},
{"learn":[0.2916689258],"iteration":124,"passed_time":0.8484993277,"remaining_time":5.939495294},
{"learn":[0.29147057],"iteration":125,"passed_time":0.8549354975,"remaining_time":5.930266864},
{"learn":[0.2913438402],"iteration":126,"passed_time":0.8603914825,"remaining_time":5.9143446},
{"learn":[0.2912334247],"iteration":127,"passed_time":0.8671282107,"remaining_time":5.907310935},
{"learn":[0.2910927055],"iteration":128,"passed_time":0.874242095,"remaining_time":5.902828409},
{"learn":[0.2909908654],"iteration":129,"passed_time":0.88245849,"remaining_time":5.905683741},
{"learn":[0.2909314823],"iteration":130,"passed_time":0.8879516625,"remaining_time":5.890305303},
{"learn":[0.2908193866],"iteration":131,"passed_time":0.8938419986,"remaining_time":5.877688294},
{"learn":[0.2907144417],"iteration":132,"passed_time":0.9007870962,"remaining_time":5.872048214},
{"learn":[0.2905834984],"iteration":133,"passed_time":0.9074023762,"remaining_time":5.864257148},
{"learn":[0.2904668249],"iteration":134,"passed_time":0.9139103317,"remaining_time":5.855795829},
{"learn":[0.290309927],"iteration":135,"passed_time":0.9199314961,"remaining_time":5.844270681},
{"learn":[0.2902255267],"iteration":136,"passed_time":0.9265433245,"remaining_time":5.836546635},
{"learn":[0.2901172554],"iteration":137,"passed_time":0.9329469738,"remaining_time":5.827538343},
{"learn":[0.2898912759],"iteration":138,"passed_time":0.9390237037,"remaining_time":5.81654251},
{"learn":[0.2898205022],"iteration":139,"passed_time":0.9458807266,"remaining_time":5.810410178},
{"learn":[0.289366981],"iteration":140,"passed_time":0.9517118453,"remaining_time":5.798017554},
{"learn":[0.2892271422],"iteration":141,"passed_time":0.9593625549,"remaining_time":5.796711775},
{"learn":[0.2891023548],"iteration":142,"passed_time":0.9652876754,"remaining_time":5.784975789},
{"learn":[0.288958921],"iteration":143,"passed_time":0.9727601608,"remaining_time":5.782518733},
{"learn":[0.2888658527],"iteration":144,"passed_time":0.9789719596,"remaining_time":5.772558796},
{"learn":[0.2887560813],"iteration":145,"passed_time":0.9848760581,"remaining_time":5.760850367},
{"learn":[0.2885815755],"iteration":146,"passed_time":0.9910848427,"remaining_time":5.750988917},
{"learn":[0.2884499281],"iteration":147,"passed_time":0.9980276738,"remaining_time":5.745402554},
{"learn":[0.288319028],"iteration":148,"passed_time":1.004654171,"remaining_time":5.73799127},
{"learn":[0.2881633987],"iteration":149,"passed_time":1.010704731,"remaining_time":5.727326808},
{"learn":[0.288066645],"iteration":150,"passed_time":1.016794286,"remaining_time":5.71694271},
{"learn":[0.287930435],"iteration":151,"passed_time":1.023838593,"remaining_time":5.711941621},
{"learn":[0.2878342547],"iteration":152,"passed_time":1.029614557,"remaining_time":5.699892352},
{"learn":[0.2876809331],"iteration":153,"passed_time":1.036489898,"remaining_time":5.693963985},
{"learn":[0.287570274],"iteration":154,"passed_time":1.043379828,"remaining_time":5.688102934},
{"learn":[0.2874498563],"iteration":155,"passed_time":1.04896454,"remaining_time":5.675167129},
{"learn":[0.2873582075],"iteration":156,"passed_time":1.056163675,"remaining_time":5.670993488},
{"learn":[0.2871733101],"iteration":157,"passed_time":1.062310546,"remaining_time":5.661173925},
{"learn":[0.2870483001],"iteration":158,"passed_time":1.069230475,"remaining_time":5.655489496},
{"learn":[0.2869603128],"iteration":159,"passed_time":1.076099637,"remaining_time":5.649523094},
{"learn":[0.2868303085],"iteration":160,"passed_time":1.082698194,"remaining_time":5.642135309},
{"learn":[0.2867259539],"iteration":161,"passed_time":1.088789129,"remaining_time":5.632131419},
{"learn":[0.2865931741],"iteration":162,"passed_time":1.094511595,"remaining_time":5.620283465},
{"learn":[0.286445437],"iteration":163,"passed_time":1.102669498,"remaining_time":5.620925},
{"learn":[0.2863595783],"iteration":164,"passed_time":1.109042931,"remaining_time":5.612429378},
{"learn":[0.2862696768],"iteration":165,"passed_time":1.115388318,"remaining_time":5.603818418},
{"learn":[0.286171302],"iteration":166,"passed_time":1.12147329,"remaining_time":5.59393563},
{"learn":[0.2860271826],"iteration":167,"passed_time":1.129599501,"remaining_time":5.594207051},
{"learn":[0.2859493394],"iteration":168,"passed_time":1.136321712,"remaining_time":5.587475399},
{"learn":[0.285782077],"iteration":169,"passed_time":1.141961459,"remaining_time":5.57545889},
{"learn":[0.2856752218],"iteration":170,"passed_time":1.148314316,"remaining_time":5.566974084},
{"learn":[0.2855834703],"iteration":171,"passed_time":1.153888236,"remaining_time":5.554764301},
{"learn":[0.2853385487],"iteration":172,"passed_time":1.163977672,"remaining_time":5.564216965},
{"learn":[0.2850899936],"iteration":173,"passed_time":1.170165889,"remaining_time":5.554925425},
{"learn":[0.2848885584],"iteration":174,"passed_time":1.178112849,"remaining_time":5.553960573},
{"learn":[0.2848105903],"iteration":175,"passed_time":1.185402946,"remaining_time":5.549841063},
{"learn":[0.2846880979],"iteration":176,"passed_time":1.191088815,"remaining_time":5.538226525},
{"learn":[0.2846079102],"iteration":177,"passed_time":1.198293562,"remaining_time":5.533692742},
{"learn":[0.2843044862],"iteration":178,"passed_time":1.20367219,"remaining_time":5.520753451},
{"learn":[0.2841883801],"iteration":179,"passed_time":1.211895816,"remaining_time":5.520858719},
{"learn":[0.2840986015],"iteration":180,"passed_time":1.218175751,"remaining_time":5.512077019},
{"learn":[0.2840391889],"iteration":181,"passed_time":1.22372138,"remaining_time":5.500022464},
{"learn":[0.2839742462],"iteration":182,"passed_time":1.230021856,"remaining_time":5.491409053},
{"learn":[0.2838670634],"iteration":183,"passed_time":1.235981968,"remaining_time":5.481311334},
{"learn":[0.2837469553],"iteration":184,"passed_time":1.242819214,"remaining_time":5.475122481},
{"learn":[0.2836507257],"iteration":185,"passed_time":1.249214018,"remaining_time":5.466990378},
{"learn":[0.2835028574],"iteration":186,"passed_time":1.25669737,"remaining_time":5.463609422},
{"learn":[0.2834068419],"iteration":187,"passed_time":1.262796027,"remaining_time":5.454204118},
{"learn":[0.2833253156],"iteration":188,"passed_time":1.268575052,"remaining_time":5.443462261},
{"learn":[0.2832177964],"iteration":189,"passed_time":1.274802835,"remaining_time":5.434685771},
{"learn":[0.2831701752],"iteration":190,"passed_time":1.281356803,"remaining_time":5.427317556},
{"learn":[0.2830763193],"iteration":191,"passed_time":1.287949478,"remaining_time":5.420120722},
{"learn":[0.2830213889],"iteration":192,"passed_time":1.29443331,"remaining_time":5.412475033},
{"learn":[0.2829172875],"iteration":193,"passed_time":1.300333466,"remaining_time":5.40241636},
{"learn":[0.2828378923],"iteration":194,"passed_time":1.306701976,"remaining_time":5.394333797},
{"learn":[0.282756852],"iteration":195,"passed_time":1.312479513,"remaining_time":5.383844534},
{"learn":[0.2826577177],"iteration":196,"passed_time":1.318575399,"remaining_time":5.37470074},
{"learn":[0.2826083612],"iteration":197,"passed_time":1.326233388,"remaining_time":5.371915034},
{"learn":[0.2825261263],"iteration":198,"passed_time":1.33394924,"remaining_time":5.369313273},
{"learn":[0.2822903378],"iteration":199,"passed_time":1.340331392,"remaining_time":5.361325567},
{"learn":[0.2821966493],"iteration":200,"passed_time":1.346056316,"remaining_time":5.350741277},
{"learn":[0.2821444679],"iteration":201,"passed_time":1.353272043,"remaining_time":5.346094507},
{"learn":[0.2820966684],"iteration":202,"passed_time":1.359254258,"remaining_time":5.336579525},
{"learn":[0.2820230391],"iteration":203,"passed_time":1.365084838,"remaining_time":5.326507504},
{"learn":[0.281908383],"iteration":204,"passed_time":1.371655705,"remaining_time":5.319347736},
{"learn":[0.2818360818],"iteration":205,"passed_time":1.377621017,"remaining_time":5.309859647},
{"learn":[0.2817869445],"iteration":206,"passed_time":1.385264202,"remaining_time":5.306833391},
{"learn":[0.2816337768],"iteration":207,"passed_time":1.390796949,"remaining_time":5.295726843},
{"learn":[0.2815234804],"iteration":208,"passed_time":1.396845587,"remaining_time":5.286626119},
{"learn":[0.2814291193],"iteration":209,"passed_time":1.405050943,"remaining_time":5.285667832},
{"learn":[0.2812502815],"iteration":210,"passed_time":1.411291887,"remaining_time":5.277295254},
{"learn":[0.281068941],"iteration":211,"passed_time":1.418661964,"remaining_time":5.273139753},
{"learn":[0.2809742423],"iteration":212,"passed_time":1.424768209,"remaining_time":5.264284414},
{"learn":[0.2808368004],"iteration":213,"passed_time":1.430571377,"remaining_time":5.254341601},
{"learn":[0.2807359795],"iteration":214,"passed_time":1.436885576,"remaining_time":5.246303148},
{"learn":[0.2806790251],"iteration":215,"passed_time":1.443063208,"remaining_time":5.237784977},
{"learn":[0.2805901796],"iteration":216,"passed_time":1.451589222,"remaining_time":5.237762031},
{"learn":[0.2804787373],"iteration":217,"passed_time":1.457344756,"remaining_time":5.227722933},
{"learn":[0.2803783545],"iteration":218,"passed_time":1.464322164,"remaining_time":5.222080411},
{"learn":[0.2802967402],"iteration":219,"passed_time":1.470250092,"remaining_time":5.212704872},
{"learn":[0.2802088457],"iteration":220,"passed_time":1.478564931,"remaining_time":5.211774125},
{"learn":[0.2801008903],"iteration":221,"passed_time":1.48496872,"remaining_time":5.204079567},
{"learn":[0.2800377112],"iteration":222,"passed_time":1.490539854,"remaining_time":5.193495365},
{"learn":[0.2799623499],"iteration":223,"passed_time":1.497073389,"remaining_time":5.186289956},
{"learn":[0.2798805991],"iteration":224,"passed_time":1.502860495,"remaining_time":5.176519481},
{"learn":[0.279816328],"iteration":225,"passed_time":1.510577461,"remaining_time":5.173393604},
{"learn":[0.2794808519],"iteration":226,"passed_time":1.516499419,"remaining_time":5.164114761},
{"learn":[0.2794229284],"iteration":227,"passed_time":1.523687795,"remaining_time":5.15915341},
{"learn":[0.2793112032],"iteration":228,"passed_time":1.531962974,"remaining_time":5.157831672},
{"learn":[0.2792426263],"iteration":229,"passed_time":1.54070996,"remaining_time":5.158028997},
{"learn":[0.2791709627],"iteration":230,"passed_time":1.547321978,"remaining_time":5.151041564},
{"learn":[0.279088369],"iteration":231,"passed_time":1.55373615,"remaining_time":5.143402427},
{"learn":[0.2790111237],"iteration":232,"passed_time":1.561012041,"remaining_time":5.138610452},
{"learn":[0.2788964417],"iteration":233,"passed_time":1.568993221,"remaining_time":5.136106013},
{"learn":[0.2788364725],"iteration":234,"passed_time":1.583078714,"remaining_time":5.153426451},
{"learn":[0.2785805845],"iteration":235,"passed_time":1.589567076,"remaining_time":5.145886635},
{"learn":[0.2784660079],"iteration":236,"passed_time":1.597275568,"remaining_time":5.142283792},
{"learn":[0.2783887345],"iteration":237,"passed_time":1.604089042,"remaining_time":5.135780883},
{"learn":[0.2782935317],"iteration":238,"passed_time":1.612735429,"remaining_time":5.135111554},
{"learn":[0.2780095283],"iteration":239,"passed_time":1.61939776,"remaining_time":5.128092906},
{"learn":[0.2779320015],"iteration":240,"passed_time":1.624886222,"remaining_time":5.117380258},
{"learn":[0.2778296515],"iteration":241,"passed_time":1.631841003,"remaining_time":5.111303636},
{"learn":[0.2777432789],"iteration":242,"passed_time":1.638123089,"remaining_time":5.103124191},
{"learn":[0.2776527997],"iteration":243,"passed_time":1.644903523,"remaining_time":5.096504358},
{"learn":[0.2773906619],"iteration":244,"passed_time":1.651523541,"remaining_time":5.089388872},
{"learn":[0.2772824485],"iteration":245,"passed_time":1.657462893,"remaining_time":5.080191143},
{"learn":[0.2771933424],"iteration":246,"passed_time":1.663319606,"remaining_time":5.070767867},
{"learn":[0.2771217866],"iteration":247,"passed_time":1.669452042,"remaining_time":5.062209418},
{"learn":[0.277022273],"iteration":248,"passed_time":1.675180222,"remaining_time":5.052451191},
{"learn":[0.276932633],"iteration":249,"passed_time":1.681250669,"remaining_time":5.043752006},
{"learn":[0.2768348532],"iteration":250,"passed_time":1.688293734,"remaining_time":5.037976122},
{"learn":[0.2767712942],"iteration":251,"passed_time":1.695248153,"remaining_time":5.031927058},
{"learn":[0.2767146954],"iteration":252,"passed_time":1.701372497,"remaining_time":5.023419981},
{"learn":[0.2766327977],"iteration":253,"passed_time":1.707815375,"remaining_time":5.015867205},
{"learn":[0.2764334683],"iteration":254,"passed_time":1.714236191,"remaining_time":5.008258674},
{"learn":[0.276366321],"iteration":255,"passed_time":1.721296246,"remaining_time":5.002517214},
{"learn":[0.2762454876],"iteration":256,"passed_time":1.730395019,"remaining_time":5.00265953},
{"learn":[0.2761601393],"iteration":257,"passed_time":1.736366969,"remaining_time":4.993737562},
{"learn":[0.276042684],"iteration":258,"passed_time":1.745582102,"remaining_time":4.994117133},
{"learn":[0.2759569558],"iteration":259,"passed_time":1.751324277,"remaining_time":4.984538327},
{"learn":[0.275876971],"iteration":260,"passed_time":1.757352654,"remaining_time":4.975799278},
{"learn":[0.2758047474],"iteration":261,"passed_time":1.768931626,"remaining_time":4.982715802},
{"learn":[0.2754862429],"iteration":262,"passed_time":1.781877997,"remaining_time":4.993323512},
{"learn":[0.2754063935],"iteration":263,"passed_time":1.788458409,"remaining_time":4.986005261},
{"learn":[0.2753010161],"iteration":264,"passed_time":1.796291928,"remaining_time":4.982168178},
{"learn":[0.2752138839],"iteration":265,"passed_time":1.802456186,"remaining_time":4.97369489},
{"learn":[0.2751183846],"iteration":266,"passed_time":1.809143968,"remaining_time":4.966676136},
{"learn":[0.2750619314],"iteration":267,"passed_time":1.8152086,"remaining_time":4.957957818},
{"learn":[0.2749514378],"iteration":268,"passed_time":1.821151713,"remaining_time":4.948929004},
{"learn":[0.2748858461],"iteration":269,"passed_time":1.827789099,"remaining_time":4.941800156},
{"learn":[0.2747119341],"iteration":270,"passed_time":1.833754355,"remaining_time":4.932866882},
{"learn":[0.2746294948],"iteration":271,"passed_time":1.839628886,"remaining_time":4.923712606},
{"learn":[0.2745333555],"iteration":272,"passed_time":1.846038424,"remaining_time":4.916007085},
{"learn":[0.2743938552],"iteration":273,"passed_time":1.851981915,"remaining_time":4.90707617},
{"learn":[0.2743345286],"iteration":274,"passed_time":1.858289735,"remaining_time":4.899127484},
{"learn":[0.2742826283],"iteration":275,"passed_time":1.864249019,"remaining_time":4.890276412},
{"learn":[0.2742063414],"iteration":276,"passed_time":1.87015502,"remaining_time":4.881307147},
{"learn":[0.2741437715],"iteration":277,"passed_time":1.876144979,"remaining_time":4.872577966},
{"learn":[0.2740335127],"iteration":278,"passed_time":1.882370655,"remaining_time":4.864477572},
{"learn":[0.273963434],"iteration":279,"passed_time":1.888584237,"remaining_time":4.856359466},
{"learn":[0.2738785157],"iteration":280,"passed_time":1.894255679,"remaining_time":4.846867734},
{"learn":[0.2737839409],"iteration":281,"passed_time":1.900274111,"remaining_time":4.838286565},
{"learn":[0.2737195521],"iteration":282,"passed_time":1.906011697,"remaining_time":4.829011966},
{"learn":[0.2736580642],"iteration":283,"passed_time":1.911962813,"remaining_time":4.820300613},
{"learn":[0.273569075],"iteration":284,"passed_time":1.919403721,"remaining_time":4.815346178},
{"learn":[0.2731542397],"iteration":285,"passed_time":1.925111774,"remaining_time":4.806048274},
{"learn":[0.2730754153],"iteration":286,"passed_time":1.931426777,"remaining_time":4.798283248},
{"learn":[0.2728488251],"iteration":287,"passed_time":1.93792633,"remaining_time":4.790984539},
{"learn":[0.2728087432],"iteration":288,"passed_time":1.944291092,"remaining_time":4.783359746},
{"learn":[0.2727102896],"iteration":289,"passed_time":1.951507074,"remaining_time":4.777827663},
{"learn":[0.272642898],"iteration":290,"passed_time":1.957606015,"remaining_time":4.769562421},
{"learn":[0.2725773901],"iteration":291,"passed_time":1.963553438,"remaining_time":4.760944638},
{"learn":[0.2725137079],"iteration":292,"passed_time":1.970487666,"remaining_time":4.754726212},
{"learn":[0.2724320869],"iteration":293,"passed_time":1.976637334,"remaining_time":4.746618904},
{"learn":[0.2723431135],"iteration":294,"passed_time":1.982776761,"remaining_time":4.738500395},
{"learn":[0.2722658848],"iteration":295,"passed_time":1.991139541,"remaining_time":4.735683232},
{"learn":[0.2721692662],"iteration":296,"passed_time":1.997673081,"remaining_time":4.728498908},
{"learn":[0.2720994205],"iteration":297,"passed_time":2.003490276,"remaining_time":4.719631457},
{"learn":[0.2717312001],"iteration":298,"passed_time":2.011494998,"remaining_time":4.715913022},
{"learn":[0.2716559604],"iteration":299,"passed_time":2.018762567,"remaining_time":4.710445991},
{"learn":[0.2715992282],"iteration":300,"passed_time":2.024372792,"remaining_time":4.701118212},
{"learn":[0.2715320127],"iteration":301,"passed_time":2.031528572,"remaining_time":4.695387228},
{"learn":[0.271455505],"iteration":302,"passed_time":2.037453938,"remaining_time":4.686816484},
{"learn":[0.2714050395],"iteration":303,"passed_time":2.044921345,"remaining_time":4.681793606},
{"learn":[0.2713409939],"iteration":304,"passed_time":2.051957256,"remaining_time":4.675771452},
{"learn":[0.2712912135],"iteration":305,"passed_time":2.057559639,"remaining_time":4.666491469},
{"learn":[0.271199991],"iteration":306,"passed_time":2.064441656,"remaining_time":4.660123998},
{"learn":[0.2711572232],"iteration":307,"passed_time":2.069818758,"remaining_time":4.650372015},
{"learn":[0.2709528145],"iteration":308,"passed_time":2.075369945,"remaining_time":4.641037643},
{"learn":[0.2708372403],"iteration":309,"passed_time":2.081699978,"remaining_time":4.633461242},
{"learn":[0.2707687687],"iteration":310,"passed_time":2.087343821,"remaining_time":4.624372645},
{"learn":[0.2706920251],"iteration":311,"passed_time":2.093637926,"remaining_time":4.616740041},
{"learn":[0.2706073788],"iteration":312,"passed_time":2.100502655,"remaining_time":4.610368448},
{"learn":[0.2705087562],"iteration":313,"passed_time":2.106146793,"remaining_time":4.60132707},
{"learn":[0.2704349294],"iteration":314,"passed_time":2.111759618,"remaining_time":4.592239168},
{"learn":[0.2703642051],"iteration":315,"passed_time":2.117667178,"remaining_time":4.583811234},
{"learn":[0.270185195],"iteration":316,"passed_time":2.125439023,"remaining_time":4.579415939},
{"learn":[0.2701358661],"iteration":317,"passed_time":2.132580969,"remaining_time":4.573648494},
{"learn":[0.2700995116],"iteration":318,"passed_time":2.138813526,"remaining_time":4.56593107},
{"learn":[0.2700453186],"iteration":319,"passed_time":2.144527325,"remaining_time":4.557120566},
{"learn":[0.2699791636],"iteration":320,"passed_time":2.152461742,"remaining_time":4.55302655},
{"learn":[0.2698997427],"iteration":321,"passed_time":2.158784259,"remaining_time":4.545514681},
{"learn":[0.2698008821],"iteration":322,"passed_time":2.165421983,"remaining_time":4.538670843},
{"learn":[0.2697471246],"iteration":323,"passed_time":2.171585791,"remaining_time":4.530839489},
{"learn":[0.2696937934],"iteration":324,"passed_time":2.178133378,"remaining_time":4.523815478},
{"learn":[0.2696156687],"iteration":325,"passed_time":2.183913525,"remaining_time":4.515207717},
{"learn":[0.2693664622],"iteration":326,"passed_time":2.189868622,"remaining_time":4.506977316},
{"learn":[0.2690870127],"iteration":327,"passed_time":2.195903115,"remaining_time":4.498923456},
{"learn":[0.2690192104],"iteration":328,"passed_time":2.201810517,"remaining_time":4.490622665},
{"learn":[0.2689495358],"iteration":329,"passed_time":2.207495543,"remaining_time":4.48188489},
{"learn":[0.2688891046],"iteration":330,"passed_time":2.21339082,"remaining_time":4.473590509},
{"learn":[0.2688231085],"iteration":331,"passed_time":2.219019583,"remaining_time":4.464774341},
{"learn":[0.2687450822],"iteration":332,"passed_time":2.225674739,"remaining_time":4.458033185},
{"learn":[0.2686554814],"iteration":333,"passed_time":2.231707459,"remaining_time":4.4500514},
{"learn":[0.2685987469],"iteration":334,"passed_time":2.239023425,"remaining_time":4.44462859},
{"learn":[0.2684847193],"iteration":335,"passed_time":2.244421573,"remaining_time":4.435404537},
{"learn":[0.2684043493],"iteration":336,"passed_time":2.251822814,"remaining_time":4.430143993},
{"learn":[0.2683652966],"iteration":337,"passed_time":2.25879154,"remaining_time":4.424023668},
{"learn":[0.2682938261],"iteration":338,"passed_time":2.264699347,"remaining_time":4.4158297},
{"learn":[0.2682398511],"iteration":339,"passed_time":2.271614671,"remaining_time":4.409604949},
{"learn":[0.2681877741],"iteration":340,"passed_time":2.277628931,"remaining_time":4.401634796},
{"learn":[0.2679721002],"iteration":341,"passed_time":2.283513708,"remaining_time":4.393426959},
{"learn":[0.2678301435],"iteration":342,"passed_time":2.289392947,"remaining_time":4.385222059},
{"learn":[0.2677205508],"iteration":343,"passed_time":2.295491336,"remaining_time":4.377448593},
{"learn":[0.2676396183],"iteration":344,"passed_time":2.301731144,"remaining_time":4.369953331},
{"learn":[0.2675589398],"iteration":345,"passed_time":2.308587809,"remaining_time":4.363631293},
{"learn":[0.267483039],"iteration":346,"passed_time":2.314765955,"remaining_time":4.356029304},
{"learn":[0.2674219652],"iteration":347,"passed_time":2.320892556,"remaining_time":4.348338927},
{"learn":[0.26735129],"iteration":348,"passed_time":2.327051647,"remaining_time":4.340718115},
{"learn":[0.2672603138],"iteration":349,"passed_time":2.332525238,"remaining_time":4.331832585},
{"learn":[0.2671931767],"iteration":350,"passed_time":2.338624936,"remaining_time":4.324124169},
{"learn":[0.2671225614],"iteration":351,"passed_time":2.345268664,"remaining_time":4.317426405},
{"learn":[0.2670288452],"iteration":352,"passed_time":2.351562502,"remaining_time":4.310087646},
{"learn":[0.2669697158],"iteration":353,"passed_time":2.357675566,"remaining_time":4.302424902},
{"learn":[0.2668922586],"iteration":354,"passed_time":2.363541819,"remaining_time":4.29432246},
{"learn":[0.2668475407],"iteration":355,"passed_time":2.369300666,"remaining_time":4.286038283},
{"learn":[0.2667806597],"iteration":356,"passed_time":2.376134529,"remaining_time":4.279704487},
{"learn":[0.2667340344],"iteration":357,"passed_time":2.382856613,"remaining_time":4.273167445},
{"learn":[0.2666679633],"iteration":358,"passed_time":2.388752922,"remaining_time":4.26515494},
{"learn":[0.2666213379],"iteration":359,"passed_time":2.395528747,"remaining_time":4.258717772},
{"learn":[0.2665364954],"iteration":360,"passed_time":2.401852224,"remaining_time":4.251478037},
{"learn":[0.2664751329],"iteration":361,"passed_time":2.407743316,"remaining_time":4.243481314},
{"learn":[0.2663766763],"iteration":362,"passed_time":2.413636882,"remaining_time":4.235500534},
{"learn":[0.2663137252],"iteration":363,"passed_time":2.419596898,"remaining_time":4.227647327},
{"learn":[0.2661108452],"iteration":364,"passed_time":2.425228158,"remaining_time":4.219232549},
{"learn":[0.2660424383],"iteration":365,"passed_time":2.432097817,"remaining_time":4.212978186},
{"learn":[0.2660064483],"iteration":366,"passed_time":2.437882771,"remaining_time":4.204849575},
{"learn":[0.2659246287],"iteration":367,"passed_time":2.443580892,"remaining_time":4.196584575},
{"learn":[0.2658584402],"iteration":368,"passed_time":2.450409978,"remaining_time":4.190267469},
{"learn":[0.2657697489],"iteration":369,"passed_time":2.456597908,"remaining_time":4.182855898},
{"learn":[0.2656902487],"iteration":370,"passed_time":2.46250676,"remaining_time":4.174977769},
{"learn":[0.2656517733],"iteration":371,"passed_time":2.469243558,"remaining_time":4.168507942},
{"learn":[0.2655581803],"iteration":372,"passed_time":2.475329222,"remaining_time":4.160942151},
{"learn":[0.2655039884],"iteration":373,"passed_time":2.481858776,"remaining_time":4.154127256},
{"learn":[0.2654425922],"iteration":374,"passed_time":2.488011219,"remaining_time":4.146685366},
{"learn":[0.2653794277],"iteration":375,"passed_time":2.493766822,"remaining_time":4.138591747},
{"learn":[0.2653126013],"iteration":376,"passed_time":2.500218261,"remaining_time":4.131660416},
{"learn":[0.2652576448],"iteration":377,"passed_time":2.5075322,"remaining_time":4.126150868},
{"learn":[0.2651876264],"iteration":378,"passed_time":2.513842621,"remaining_time":4.118987514},
{"learn":[0.2650940525],"iteration":379,"passed_time":2.520777992,"remaining_time":4.112848303},
{"learn":[0.2650368326],"iteration":380,"passed_time":2.526936229,"remaining_time":4.105442325},
{"learn":[0.2649904065],"iteration":381,"passed_time":2.533529104,"remaining_time":4.098746038},
{"learn":[0.2649409955],"iteration":382,"passed_time":2.540493283,"remaining_time":4.092648449},
{"learn":[0.2648589708],"iteration":383,"passed_time":2.547221595,"remaining_time":4.086167976},
{"learn":[0.2647749919],"iteration":384,"passed_time":2.553383156,"remaining_time":4.078780886},
{"learn":[0.2647156183],"iteration":385,"passed_time":2.560426994,"remaining_time":4.072803561},
{"learn":[0.2646826185],"iteration":386,"passed_time":2.566366942,"remaining_time":4.065072184},
{"learn":[0.2645996277],"iteration":387,"passed_time":2.575304279,"remaining_time":4.062077884},
{"learn":[0.2645334777],"iteration":388,"passed_time":2.582197431,"remaining_time":4.055842237},
{"learn":[0.2644746435],"iteration":389,"passed_time":2.588076661,"remaining_time":4.048017341},
{"learn":[0.2644093952],"iteration":390,"passed_time":2.594206703,"remaining_time":4.040593049},
{"learn":[0.264305946],"iteration":391,"passed_time":2.601620184,"remaining_time":4.035166},
{"learn":[0.2641978621],"iteration":392,"passed_time":2.617340512,"remaining_time":4.04255901},
{"learn":[0.2641551403],"iteration":393,"passed_time":2.625223791,"remaining_time":4.037780754},
{"learn":[0.2641010959],"iteration":394,"passed_time":2.631793951,"remaining_time":4.030975545},
{"learn":[0.2640619348],"iteration":395,"passed_time":2.637942285,"remaining_time":4.023528132},
{"learn":[0.264000625],"iteration":396,"passed_time":2.644675897,"remaining_time":4.016976236},
{"learn":[0.263926015],"iteration":397,"passed_time":2.651755303,"remaining_time":4.010946464},
{"learn":[0.2638576634],"iteration":398,"passed_time":2.658580622,"remaining_time":4.004528706},
{"learn":[0.2638197978],"iteration":399,"passed_time":2.664766078,"remaining_time":3.997149117},
{"learn":[0.263775176],"iteration":400,"passed_time":2.672596294,"remaining_time":3.992232369},
{"learn":[0.2637113038],"iteration":401,"passed_time":2.679361119,"remaining_time":3.985716291},
{"learn":[0.2636477535],"iteration":402,"passed_time":2.68615028,"remaining_time":3.979235031},
{"learn":[0.2635510755],"iteration":403,"passed_time":2.692414665,"remaining_time":3.971978069},
{"learn":[0.2635051263],"iteration":404,"passed_time":2.700387793,"remaining_time":3.967236387},
{"learn":[0.2634612614],"iteration":405,"passed_time":2.707152749,"remaining_time":3.960711165},
{"learn":[0.2633817425],"iteration":406,"passed_time":2.72272857,"remaining_time":3.967022216},
{"learn":[0.2633210082],"iteration":407,"passed_time":2.729044544,"remaining_time":3.959790122},
{"learn":[0.263270237],"iteration":408,"passed_time":2.735793163,"remaining_time":3.953187676},
{"learn":[0.2631942113],"iteration":409,"passed_time":2.742713416,"remaining_time":3.946831501},
{"learn":[0.2631288112],"iteration":410,"passed_time":2.753923931,"remaining_time":3.946620914},
{"learn":[0.2630729857],"iteration":411,"passed_time":2.759995756,"remaining_time":3.93902307},
{"learn":[0.2630166447],"iteration":412,"passed_time":2.767103402,"remaining_time":3.932904835},
{"learn":[0.2629760073],"iteration":413,"passed_time":2.773649769,"remaining_time":3.925987355},
{"learn":[0.2629165584],"iteration":414,"passed_time":2.779734343,"remaining_time":3.9184207},
{"learn":[0.2628680735],"iteration":415,"passed_time":2.791987597,"remaining_time":3.91952105},
{"learn":[0.2628144434],"iteration":416,"passed_time":2.798561665,"remaining_time":3.912617388},
{"learn":[0.2627485823],"iteration":417,"passed_time":2.809508161,"remaining_time":3.911803229},
{"learn":[0.2626903469],"iteration":418,"passed_time":2.816067656,"remaining_time":3.904857538},
{"learn":[0.2624766733],"iteration":419,"passed_time":2.823381036,"remaining_time":3.898954764},
{"learn":[0.262398232],"iteration":420,"passed_time":2.831780835,"remaining_time":3.894539438},
{"learn":[0.2623155782],"iteration":421,"passed_time":2.838352051,"remaining_time":3.887600677},
{"learn":[0.2622598719],"iteration":422,"passed_time":2.844317047,"remaining_time":3.879836728},
{"learn":[0.2621914882],"iteration":423,"passed_time":2.850748023,"remaining_time":3.872714295},
{"learn":[0.2621403477],"iteration":424,"passed_time":2.858699725,"remaining_time":3.867652569},
{"learn":[0.2620966269],"iteration":425,"passed_time":2.865044136,"remaining_time":3.860411583},
{"learn":[0.2620476513],"iteration":426,"passed_time":2.872902507,"remaining_time":3.855206409},
{"learn":[0.2620032523],"iteration":427,"passed_time":2.880891489,"remaining_time":3.850163392},
{"learn":[0.261958926],"iteration":428,"passed_time":2.886920966,"remaining_time":3.842498535},
{"learn":[0.2619159887],"iteration":429,"passed_time":2.893261043,"remaining_time":3.835253011},
{"learn":[0.261852947],"iteration":430,"passed_time":2.899361745,"remaining_time":3.827695668},
{"learn":[0.2617850728],"iteration":431,"passed_time":2.905154888,"remaining_time":3.819740686},
{"learn":[0.2617259034],"iteration":432,"passed_time":2.911721326,"remaining_time":3.812808296},
{"learn":[0.2616883752],"iteration":433,"passed_time":2.919965523,"remaining_time":3.808065636},
{"learn":[0.261647569],"iteration":434,"passed_time":2.926021689,"remaining_time":3.800464953},
{"learn":[0.2615551468],"iteration":435,"passed_time":2.932036169,"remaining_time":3.79281743},
{"learn":[0.261527858],"iteration":436,"passed_time":2.93801559,"remaining_time":3.785132213},
{"learn":[0.2614400064],"iteration":437,"passed_time":2.944485433,"remaining_time":3.778084049},
{"learn":[0.2614009235],"iteration":438,"passed_time":2.950270945,"remaining_time":3.77016401},
{"learn":[0.2613362666],"iteration":439,"passed_time":2.956026006,"remaining_time":3.762214917},
{"learn":[0.2612966533],"iteration":440,"passed_time":2.961699229,"remaining_time":3.754172038},
{"learn":[0.2612501816],"iteration":441,"passed_time":2.967629096,"remaining_time":3.746463882},
{"learn":[0.2611803221],"iteration":442,"passed_time":2.976440099,"remaining_time":3.74238631},
{"learn":[0.2611273669],"iteration":443,"passed_time":2.98397331,"remaining_time":3.736687298},
{"learn":[0.2610321601],"iteration":444,"passed_time":2.990431236,"remaining_time":3.729638957},
{"learn":[0.2609896692],"iteration":445,"passed_time":2.996460802,"remaining_time":3.722061175},
{"learn":[0.2609287389],"iteration":446,"passed_time":3.002994606,"remaining_time":3.715114132},
{"learn":[0.2608577449],"iteration":447,"passed_time":3.009307364,"remaining_time":3.707896573},
{"learn":[0.2608082437],"iteration":448,"passed_time":3.018632206,"remaining_time":3.704379389},
{"learn":[0.2607702076],"iteration":449,"passed_time":3.025550363,"remaining_time":3.697894888},
{"learn":[0.2606931812],"iteration":450,"passed_time":3.031333372,"remaining_time":3.690026654},
{"learn":[0.2606620447],"iteration":451,"passed_time":3.036982444,"remaining_time":3.682005263},
{"learn":[0.2605973069],"iteration":452,"passed_time":3.04280683,"remaining_time":3.67420604},
{"learn":[0.2605117054],"iteration":453,"passed_time":3.05076816,"remaining_time":3.668985496},
{"learn":[0.2604526625],"iteration":454,"passed_time":3.056953996,"remaining_time":3.661626215},
{"learn":[0.2603853324],"iteration":455,"passed_time":3.062888406,"remaining_time":3.653972133},
{"learn":[0.2603378659],"iteration":456,"passed_time":3.068706441,"remaining_time":3.646187303},
{"learn":[0.2602971019],"iteration":457,"passed_time":3.074311854,"remaining_time":3.638159443},
{"learn":[0.2602525284],"iteration":458,"passed_time":3.079947237,"remaining_time":3.630177462},
{"learn":[0.2602070778],"iteration":459,"passed_time":3.087029481,"remaining_time":3.623904173},
{"learn":[0.2601667581],"iteration":460,"passed_time":3.093102254,"remaining_time":3.616447103},
{"learn":[0.2601253107],"iteration":461,"passed_time":3.100420759,"remaining_time":3.610446685},
{"learn":[0.2600779024],"iteration":462,"passed_time":3.106172172,"remaining_time":3.602623016},
{"learn":[0.2600318992],"iteration":463,"passed_time":3.112272583,"remaining_time":3.595211432},
{"learn":[0.2599482039],"iteration":464,"passed_time":3.118434144,"remaining_time":3.587875844},
{"learn":[0.2599294578],"iteration":465,"passed_time":3.12394274,"remaining_time":3.579797046},
{"learn":[0.2598503526],"iteration":466,"passed_time":3.129475746,"remaining_time":3.571757115},
{"learn":[0.2597328769],"iteration":467,"passed_time":3.13558362,"remaining_time":3.56438138},
{"learn":[0.2596822864],"iteration":468,"passed_time":3.141592331,"remaining_time":3.55689878},
{"learn":[0.2596339378],"iteration":469,"passed_time":3.147398725,"remaining_time":3.549194307},
{"learn":[0.2595838973],"iteration":470,"passed_time":3.154422969,"remaining_time":3.542865713},
{"learn":[0.2595217161],"iteration":471,"passed_time":3.160316913,"remaining_time":3.535269767},
{"learn":[0.2594603609],"iteration":472,"passed_time":3.167137407,"remaining_time":3.528713347},
{"learn":[0.2594277014],"iteration":473,"passed_time":3.172306678,"remaining_time":3.520323445},
{"learn":[0.2593897551],"iteration":474,"passed_time":3.178359649,"remaining_time":3.512923823},
{"learn":[0.259327249],"iteration":475,"passed_time":3.18484003,"remaining_time":3.506000369},
{"learn":[0.2592867433],"iteration":476,"passed_time":3.191309807,"remaining_time":3.499067146},
{"learn":[0.2592361098],"iteration":477,"passed_time":3.196940393,"remaining_time":3.491219425},
{"learn":[0.2591844408],"iteration":478,"passed_time":3.203780811,"remaining_time":3.484696874},
{"learn":[0.2591292533],"iteration":479,"passed_time":3.209687898,"remaining_time":3.47716189},
{"learn":[0.2590874172],"iteration":480,"passed_time":3.215131273,"remaining_time":3.469133328},
{"learn":[0.2590370788],"iteration":481,"passed_time":3.221549662,"remaining_time":3.46216333},
{"learn":[0.2589963294],"iteration":482,"passed_time":3.22728297,"remaining_time":3.45446231},
{"learn":[0.258956818],"iteration":483,"passed_time":3.232847504,"remaining_time":3.446589488},
{"learn":[0.2588867164],"iteration":484,"passed_time":3.241362142,"remaining_time":3.441858769},
{"learn":[0.2588335196],"iteration":485,"passed_time":3.246933864,"remaining_time":3.434000012},
{"learn":[0.2587780729],"iteration":486,"passed_time":3.252334188,"remaining_time":3.425970099},
{"learn":[0.2587297595],"iteration":487,"passed_time":3.258566017,"remaining_time":3.418823362},
{"learn":[0.2586934644],"iteration":488,"passed_time":3.264365122,"remaining_time":3.411228175},
{"learn":[0.2586420076],"iteration":489,"passed_time":3.271659191,"remaining_time":3.405196301},
{"learn":[0.2586223516],"iteration":490,"passed_time":3.27727553,"remaining_time":3.397420051},
{"learn":[0.2585662541],"iteration":491,"passed_time":3.282617984,"remaining_time":3.389369789},
{"learn":[0.2585159803],"iteration":492,"passed_time":3.288351536,"remaining_time":3.381732716},
{"learn":[0.2584872778],"iteration":493,"passed_time":3.293749077,"remaining_time":3.373759176},
{"learn":[0.2584267544],"iteration":494,"passed_time":3.299340694,"remaining_time":3.365994041},
{"learn":[0.2583825619],"iteration":495,"passed_time":3.307516801,"remaining_time":3.360863846},
{"learn":[0.2582931757],"iteration":496,"passed_time":3.313162762,"remaining_time":3.353160702},
{"learn":[0.2582515872],"iteration":497,"passed_time":3.319011667,"remaining_time":3.345670396},
{"learn":[0.2582045219],"iteration":498,"passed_time":3.324905269,"remaining_time":3.338231543},
{"learn":[0.2581812756],"iteration":499,"passed_time":3.330505385,"remaining_time":3.330505385},
{"learn":[0.258146152],"iteration":500,"passed_time":3.338830017,"remaining_time":3.325501354},
{"learn":[0.258099964],"iteration":501,"passed_time":3.344902756,"remaining_time":3.318250144},
{"learn":[0.2580028782],"iteration":502,"passed_time":3.3521249,"remaining_time":3.312139315},
{"learn":[0.2579640454],"iteration":503,"passed_time":3.357881172,"remaining_time":3.304581471},
{"learn":[0.2579406171],"iteration":504,"passed_time":3.363519234,"remaining_time":3.296914893},
{"learn":[0.2578887018],"iteration":505,"passed_time":3.373385556,"remaining_time":3.293384318},
{"learn":[0.2578367197],"iteration":506,"passed_time":3.379500464,"remaining_time":3.286180924},
{"learn":[0.2577794562],"iteration":507,"passed_time":3.385646893,"remaining_time":3.279012345},
{"learn":[0.2577141146],"iteration":508,"passed_time":3.391635056,"remaining_time":3.271695113},
{"learn":[0.2576581903],"iteration":509,"passed_time":3.397451311,"remaining_time":3.264217926},
{"learn":[0.2576107327],"iteration":510,"passed_time":3.405267591,"remaining_time":3.258661158},
{"learn":[0.2575498698],"iteration":511,"passed_time":3.411126879,"remaining_time":3.251230306},
{"learn":[0.2574821359],"iteration":512,"passed_time":3.417039897,"remaining_time":3.243856589},
{"learn":[0.2574259346],"iteration":513,"passed_time":3.423591275,"remaining_time":3.237092139},
{"learn":[0.2573761225],"iteration":514,"passed_time":3.431681274,"remaining_time":3.231777511},
{"learn":[0.2573527006],"iteration":515,"passed_time":3.440294967,"remaining_time":3.226943341},
{"learn":[0.2573040868],"iteration":516,"passed_time":3.446858901,"remaining_time":3.220179592},
{"learn":[0.2572603918],"iteration":517,"passed_time":3.454097831,"remaining_time":3.2140447},
{"learn":[0.2572200102],"iteration":518,"passed_time":3.460075343,"remaining_time":3.206736494},
{"learn":[0.2571588776],"iteration":519,"passed_time":3.466388399,"remaining_time":3.199743137},
{"learn":[0.2571304191],"iteration":520,"passed_time":3.472648553,"remaining_time":3.192703756},
{"learn":[0.2570787949],"iteration":521,"passed_time":3.48006209,"remaining_time":3.186723523},
{"learn":[0.2570205017],"iteration":522,"passed_time":3.486594776,"remaining_time":3.179934432},
{"learn":[0.2569740913],"iteration":523,"passed_time":3.492324846,"remaining_time":3.172417226},
{"learn":[0.2569260454],"iteration":524,"passed_time":3.498244027,"remaining_time":3.16507793},
{"learn":[0.2567518845],"iteration":525,"passed_time":3.5037383,"remaining_time":3.157361129},
{"learn":[0.2567009659],"iteration":526,"passed_time":3.509998587,"remaining_time":3.150340288},
{"learn":[0.2566466956],"iteration":527,"passed_time":3.515870374,"remaining_time":3.142975031},
{"learn":[0.256598488],"iteration":528,"passed_time":3.52186586,"remaining_time":3.135725557},
{"learn":[0.2565674174],"iteration":529,"passed_time":3.527710722,"remaining_time":3.128347244},
{"learn":[0.256460194],"iteration":530,"passed_time":3.53664232,"remaining_time":3.123701032},
{"learn":[0.2563844772],"iteration":531,"passed_time":3.542738822,"remaining_time":3.116544678},
{"learn":[0.2563305252],"iteration":532,"passed_time":3.549169068,"remaining_time":3.109684718},
{"learn":[0.2562921784],"iteration":533,"passed_time":3.555465375,"remaining_time":3.102709484},
{"learn":[0.2562256385],"iteration":534,"passed_time":3.561989954,"remaining_time":3.095935194},
{"learn":[0.2561915517],"iteration":535,"passed_time":3.571513908,"remaining_time":3.091758308},
{"learn":[0.256115905],"iteration":536,"passed_time":3.577423232,"remaining_time":3.084444984},
{"learn":[0.2560507573],"iteration":537,"passed_time":3.582885265,"remaining_time":3.076752774},
{"learn":[0.2560032823],"iteration":538,"passed_time":3.589175874,"remaining_time":3.06977751},
{"learn":[0.2559509744],"iteration":539,"passed_time":3.598394217,"remaining_time":3.065298777},
{"learn":[0.2558801893],"iteration":540,"passed_time":3.608783997,"remaining_time":3.061796404},
{"learn":[0.2558490147],"iteration":541,"passed_time":3.614356807,"remaining_time":3.054198187},
{"learn":[0.2558065672],"iteration":542,"passed_time":3.620319672,"remaining_time":3.046935709},
{"learn":[0.2557253211],"iteration":543,"passed_time":3.62653421,"remaining_time":3.03988897},
{"learn":[0.2556861636],"iteration":544,"passed_time":3.632246311,"remaining_time":3.032425819},
{"learn":[0.2556216761],"iteration":545,"passed_time":3.639120328,"remaining_time":3.025935218},
{"learn":[0.255575795],"iteration":546,"passed_time":3.64462722,"remaining_time":3.018311025},
{"learn":[0.2555354018],"iteration":547,"passed_time":3.650237349,"remaining_time":3.010779712},
{"learn":[0.2554993032],"iteration":548,"passed_time":3.655929766,"remaining_time":3.003322995},
{"learn":[0.2554596406],"iteration":549,"passed_time":3.661501829,"remaining_time":2.995774224},
{"learn":[0.255421563],"iteration":550,"passed_time":3.667619404,"remaining_time":2.988677155},
{"learn":[0.2553763172],"iteration":551,"passed_time":3.67417024,"remaining_time":2.981935267},
{"learn":[0.2553384625],"iteration":552,"passed_time":3.679669583,"remaining_time":2.97434413},
{"learn":[0.2553206509],"iteration":553,"passed_time":3.685375427,"remaining_time":2.966926788},
{"learn":[0.2552966442],"iteration":554,"passed_time":3.690852988,"remaining_time":2.959332576},
{"learn":[0.2552259146],"iteration":555,"passed_time":3.697339897,"remaining_time":2.952552004},
{"learn":[0.2551587924],"iteration":556,"passed_time":3.703977562,"remaining_time":2.945892388},
{"learn":[0.2551379343],"iteration":557,"passed_time":3.70934439,"remaining_time":2.938226202},
{"learn":[0.2550880422],"iteration":558,"passed_time":3.716575037,"remaining_time":2.932038625},
{"learn":[0.2550728918],"iteration":559,"passed_time":3.722371604,"remaining_time":2.924720546},
{"learn":[0.2550520149],"iteration":560,"passed_time":3.728124608,"remaining_time":2.917373802},
{"learn":[0.2550065526],"iteration":561,"passed_time":3.734650916,"remaining_time":2.910635411},
{"learn":[0.2549557667],"iteration":562,"passed_time":3.74098584,"remaining_time":2.903749222},
{"learn":[0.2549090234],"iteration":563,"passed_time":3.746509758,"remaining_time":2.89623804},
{"learn":[0.2548563117],"iteration":564,"passed_time":3.752337475,"remaining_time":2.888967791},
{"learn":[0.2548120267],"iteration":565,"passed_time":3.758059627,"remaining_time":2.881621693},
{"learn":[0.2547740199],"iteration":566,"passed_time":3.765337443,"remaining_time":2.875469335},
{"learn":[0.2546657112],"iteration":567,"passed_time":3.770804947,"remaining_time":2.867936157},
{"learn":[0.2545956394],"iteration":568,"passed_time":3.77732958,"remaining_time":2.861210983},
{"learn":[0.2544489055],"iteration":569,"passed_time":3.783210737,"remaining_time":2.854001082},
{"learn":[0.2544109268],"iteration":570,"passed_time":3.78888789,"remaining_time":2.846642565},
{"learn":[0.2543578085],"iteration":571,"passed_time":3.796285448,"remaining_time":2.840577223},
{"learn":[0.2543108189],"iteration":572,"passed_time":3.802506644,"remaining_time":2.833630605},
{"learn":[0.2542947746],"iteration":573,"passed_time":3.80805663,"remaining_time":2.82618837},
{"learn":[0.2542437998],"iteration":574,"passed_time":3.814405842,"remaining_time":2.819343448},
{"learn":[0.2541828767],"iteration":575,"passed_time":3.820054626,"remaining_time":2.811984655},
{"learn":[0.2541233043],"iteration":576,"passed_time":3.826329211,"remaining_time":2.805090565},
{"learn":[0.2540651242],"iteration":577,"passed_time":3.832091568,"remaining_time":2.797824639},
{"learn":[0.2540273661],"iteration":578,"passed_time":3.838877359,"remaining_time":2.791308063},
{"learn":[0.2539903273],"iteration":579,"passed_time":3.844666056,"remaining_time":2.784068523},
{"learn":[0.2539425091],"iteration":580,"passed_time":3.851716327,"remaining_time":2.777743788},
{"learn":[0.2538761193],"iteration":581,"passed_time":3.858986239,"remaining_time":2.771574309},
{"learn":[0.253795915],"iteration":582,"passed_time":3.864889596,"remaining_time":2.764423604},
{"learn":[0.2537662869],"iteration":583,"passed_time":3.870717544,"remaining_time":2.757223456},
{"learn":[0.253751316],"iteration":584,"passed_time":3.876742922,"remaining_time":2.750168056},
{"learn":[0.2536814912],"iteration":585,"passed_time":3.882422006,"remaining_time":2.742871519},
{"learn":[0.2536507319],"iteration":586,"passed_time":3.888627637,"remaining_time":2.735950961},
{"learn":[0.2535877885],"iteration":587,"passed_time":3.894837382,"remaining_time":2.729035717},
{"learn":[0.2535561103],"iteration":588,"passed_time":3.900768426,"remaining_time":2.721928392},
{"learn":[0.2535098398],"iteration":589,"passed_time":3.907016005,"remaining_time":2.715045021},
{"learn":[0.2534643936],"iteration":590,"passed_time":3.914224383,"remaining_time":2.708828718},
{"learn":[0.2534142655],"iteration":591,"passed_time":3.921779903,"remaining_time":2.702848312},
{"learn":[0.2533721165],"iteration":592,"passed_time":3.928689765,"remaining_time":2.696419451},
{"learn":[0.2533188216],"iteration":593,"passed_time":3.934567233,"remaining_time":2.689283328},
{"learn":[0.2532512257],"iteration":594,"passed_time":3.940479506,"remaining_time":2.682175126},
{"learn":[0.2532131015],"iteration":595,"passed_time":3.946384741,"remaining_time":2.675066167},
{"learn":[0.253155335],"iteration":596,"passed_time":3.9532872,"remaining_time":2.668634408},
{"learn":[0.2530938464],"iteration":597,"passed_time":3.959233002,"remaining_time":2.661557971},
{"learn":[0.2530488274],"iteration":598,"passed_time":3.96527126,"remaining_time":2.654547204},
{"learn":[0.2530084055],"iteration":599,"passed_time":3.97085862,"remaining_time":2.64723908},
{"learn":[0.2529485064],"iteration":600,"passed_time":3.976534117,"remaining_time":2.639995196},
{"learn":[0.2529071893],"iteration":601,"passed_time":3.982879238,"remaining_time":2.63319923},
{"learn":[0.2528397906],"iteration":602,"passed_time":3.988928686,"remaining_time":2.626210097},
{"learn":[0.2528162863],"iteration":603,"passed_time":3.994388296,"remaining_time":2.61883736},
{"learn":[0.2527785416],"iteration":604,"passed_time":3.999901334,"remaining_time":2.61150583},
{"learn":[0.2527338428],"iteration":605,"passed_time":4.005458975,"remaining_time":2.604209301},
{"learn":[0.2526962839],"iteration":606,"passed_time":4.011738911,"remaining_time":2.597386148},
{"learn":[0.2526553526],"iteration":607,"passed_time":4.018807839,"remaining_time":2.591073475},
{"learn":[0.2526222608],"iteration":608,"passed_time":4.02453451,"remaining_time":2.583896541},
{"learn":[0.2525568806],"iteration":609,"passed_time":4.03143274,"remaining_time":2.577473391},
{"learn":[0.2525037059],"iteration":610,"passed_time":4.037343324,"remaining_time":2.570419891},
{"learn":[0.2524714653],"iteration":611,"passed_time":4.042916712,"remaining_time":2.563156347},
{"learn":[0.2524342017],"iteration":612,"passed_time":4.049994214,"remaining_time":2.556847897},
{"learn":[0.2523915497],"iteration":613,"passed_time":4.055700638,"remaining_time":2.549674994},
{"learn":[0.2523525574],"iteration":614,"passed_time":4.061807381,"remaining_time":2.542757466},
{"learn":[0.2522948654],"iteration":615,"passed_time":4.068240224,"remaining_time":2.536045854},
{"learn":[0.2522504912],"iteration":616,"passed_time":4.073974599,"remaining_time":2.528901575},
{"learn":[0.2522177299],"iteration":617,"passed_time":4.080557296,"remaining_time":2.522286225},
{"learn":[0.2521785946],"iteration":618,"passed_time":4.086585114,"remaining_time":2.515329448},
{"learn":[0.2521372249],"iteration":619,"passed_time":4.092263678,"remaining_time":2.508161609},
{"learn":[0.2521080726],"iteration":620,"passed_time":4.097633853,"remaining_time":2.500810355},
{"learn":[0.2520584657],"iteration":621,"passed_time":4.104424741,"remaining_time":2.494328862},
{"learn":[0.252026397],"iteration":622,"passed_time":4.110019994,"remaining_time":2.487122854},
{"learn":[0.2519675823],"iteration":623,"passed_time":4.11740452,"remaining_time":2.48100016},
{"learn":[0.2518982722],"iteration":624,"passed_time":4.123935317,"remaining_time":2.47436119},
{"learn":[0.2518346296],"iteration":625,"passed_time":4.129632222,"remaining_time":2.467224363},
{"learn":[0.2517824711],"iteration":626,"passed_time":4.135693643,"remaining_time":2.460308977},
{"learn":[0.2517467592],"iteration":627,"passed_time":4.141993234,"remaining_time":2.453537393},
{"learn":[0.2516873929],"iteration":628,"passed_time":4.148343238,"remaining_time":2.446797045},
{"learn":[0.2516461133],"iteration":629,"passed_time":4.154195864,"remaining_time":2.439765825},
{"learn":[0.2515949514],"iteration":630,"passed_time":4.159882029,"remaining_time":2.432640996},
{"learn":[0.2515580033],"iteration":631,"passed_time":4.165319393,"remaining_time":2.425375849},
{"learn":[0.2515078558],"iteration":632,"passed_time":4.172805215,"remaining_time":2.41930413},
{"learn":[0.2514613736],"iteration":633,"passed_time":4.178651563,"remaining_time":2.412281502},
{"learn":[0.2514497142],"iteration":634,"passed_time":4.183996052,"remaining_time":2.404974109},
{"learn":[0.2514225856],"iteration":635,"passed_time":4.189448823,"remaining_time":2.397734861},
{"learn":[0.2513746069],"iteration":636,"passed_time":4.195209766,"remaining_time":2.390676837},
{"learn":[0.2513019639],"iteration":637,"passed_time":4.201065588,"remaining_time":2.383676713},
{"learn":[0.2512460386],"iteration":638,"passed_time":4.207380022,"remaining_time":2.376939261},
{"learn":[0.2511950911],"iteration":639,"passed_time":4.21285497,"remaining_time":2.369730921},
{"learn":[0.2511723651],"iteration":640,"passed_time":4.218160081,"remaining_time":2.362432869},
{"learn":[0.2511559137],"iteration":641,"passed_time":4.223383565,"remaining_time":2.355095508},
{"learn":[0.2511437862],"iteration":642,"passed_time":4.229406009,"remaining_time":2.348208313},
{"learn":[0.2511141636],"iteration":643,"passed_time":4.234990145,"remaining_time":2.341081509},
{"learn":[0.2510832653],"iteration":644,"passed_time":4.242123023,"remaining_time":2.334811896},
{"learn":[0.2510525022],"iteration":645,"passed_time":4.248149807,"remaining_time":2.327933486},
{"learn":[0.2510041207],"iteration":646,"passed_time":4.254842104,"remaining_time":2.321420808},
{"learn":[0.250946388],"iteration":647,"passed_time":4.261102498,"remaining_time":2.314672962},
{"learn":[0.2509121512],"iteration":648,"passed_time":4.267496158,"remaining_time":2.307998693},
{"learn":[0.2508809116],"iteration":649,"passed_time":4.273116276,"remaining_time":2.300908764},
{"learn":[0.250841554],"iteration":650,"passed_time":4.279056746,"remaining_time":2.293995091},
{"learn":[0.2508155784],"iteration":651,"passed_time":4.285088586,"remaining_time":2.287133172},
{"learn":[0.2507654952],"iteration":652,"passed_time":4.290687001,"remaining_time":2.280043475},
{"learn":[0.2507066193],"iteration":653,"passed_time":4.297272891,"remaining_time":2.273480765},
{"learn":[0.2506527008],"iteration":654,"passed_time":4.303812271,"remaining_time":2.266893486},
{"learn":[0.2506052246],"iteration":655,"passed_time":4.309813913,"remaining_time":2.260024369},
{"learn":[0.2505552385],"iteration":656,"passed_time":4.315895942,"remaining_time":2.25319986},
{"learn":[0.2505113767],"iteration":657,"passed_time":4.321486253,"remaining_time":2.246122034},
{"learn":[0.2504667469],"iteration":658,"passed_time":4.327218893,"remaining_time":2.239122371},
{"learn":[0.2504312604],"iteration":659,"passed_time":4.333612657,"remaining_time":2.232467126},
{"learn":[0.2503925066],"iteration":660,"passed_time":4.339368085,"remaining_time":2.225485296},
{"learn":[0.2503688295],"iteration":661,"passed_time":4.345335538,"remaining_time":2.218615426},
{"learn":[0.2503393982],"iteration":662,"passed_time":4.351441328,"remaining_time":2.211818593},
{"learn":[0.2502952199],"iteration":663,"passed_time":4.356974079,"remaining_time":2.204733871},
{"learn":[0.25026488],"iteration":664,"passed_time":4.363016555,"remaining_time":2.197910596},
{"learn":[0.2501805506],"iteration":665,"passed_time":4.369564493,"remaining_time":2.191343154},
{"learn":[0.2501421086],"iteration":666,"passed_time":4.375230818,"remaining_time":2.184335626},
{"learn":[0.2500928611],"iteration":667,"passed_time":4.382973823,"remaining_time":2.178364235},
{"learn":[0.2500212319],"iteration":668,"passed_time":4.390495135,"remaining_time":2.172277862},
{"learn":[0.2499691978],"iteration":669,"passed_time":4.396805532,"remaining_time":2.165590785},
{"learn":[0.2498705024],"iteration":670,"passed_time":4.403711242,"remaining_time":2.159196719},
{"learn":[0.2498412534],"iteration":671,"passed_time":4.409628458,"remaining_time":2.152318652},
{"learn":[0.2498182976],"iteration":672,"passed_time":4.41495621,"remaining_time":2.145157029},
{"learn":[0.2497672883],"iteration":673,"passed_time":4.420893336,"remaining_time":2.13829559},
{"learn":[0.249735282],"iteration":674,"passed_time":4.431135311,"remaining_time":2.133509594},
{"learn":[0.2496915074],"iteration":675,"passed_time":4.437056951,"remaining_time":2.126636764},
{"learn":[0.2496383408],"iteration":676,"passed_time":4.443909194,"remaining_time":2.120210738},
{"learn":[0.2495674306],"iteration":677,"passed_time":4.449760332,"remaining_time":2.113308004},
{"learn":[0.2495183239],"iteration":678,"passed_time":4.455612367,"remaining_time":2.106408792},
{"learn":[0.2494894984],"iteration":679,"passed_time":4.462947678,"remaining_time":2.100210672},
{"learn":[0.2494427016],"iteration":680,"passed_time":4.469751635,"remaining_time":2.093760311},
{"learn":[0.2493760357],"iteration":681,"passed_time":4.475880627,"remaining_time":2.086994193},
{"learn":[0.2493484382],"iteration":682,"passed_time":4.482118854,"remaining_time":2.080280639},
{"learn":[0.2493156037],"iteration":683,"passed_time":4.488580397,"remaining_time":2.073671645},
{"learn":[0.2492713589],"iteration":684,"passed_time":4.496343672,"remaining_time":2.067661689},
{"learn":[0.2492338686],"iteration":685,"passed_time":4.502277336,"remaining_time":2.06080916},
{"learn":[0.2492052398],"iteration":686,"passed_time":4.508439188,"remaining_time":2.054063269},
{"learn":[0.2490968999],"iteration":687,"passed_time":4.514097876,"remaining_time":2.047090897},
{"learn":[0.2490470102],"iteration":688,"passed_time":4.521533826,"remaining_time":2.040924557},
{"learn":[0.2490108317],"iteration":689,"passed_time":4.527287039,"remaining_time":2.033998525},
{"learn":[0.2489679415],"iteration":690,"passed_time":4.533126444,"remaining_time":2.02711443},
{"learn":[0.2489354353],"iteration":691,"passed_time":4.538783197,"remaining_time":2.020152059},
{"learn":[0.2489237182],"iteration":692,"passed_time":4.544522733,"remaining_time":2.013230129},
{"learn":[0.2489004432],"iteration":693,"passed_time":4.550429801,"remaining_time":2.006385474},
{"learn":[0.2488435743],"iteration":694,"passed_time":4.556571586,"remaining_time":1.999646523},
{"learn":[0.2488037877],"iteration":695,"passed_time":4.561824554,"remaining_time":1.992521069},
{"learn":[0.2487840231],"iteration":696,"passed_time":4.567623005,"remaining_time":1.985638121},
{"learn":[0.2487495406],"iteration":697,"passed_time":4.573232568,"remaining_time":1.978676555},
{"learn":[0.2487162408],"iteration":698,"passed_time":4.578941445,"remaining_time":1.971761624},
{"learn":[0.2486484456],"iteration":699,"passed_time":4.585264749,"remaining_time":1.965113464},
{"learn":[0.2486262679],"iteration":700,"passed_time":4.591072021,"remaining_time":1.958246126},
{"learn":[0.2485927789],"iteration":701,"passed_time":4.596446168,"remaining_time":1.951197946},
{"learn":[0.2485677561],"iteration":702,"passed_time":4.603621617,"remaining_time":1.944915534},
{"learn":[0.248529555],"iteration":703,"passed_time":4.609353182,"remaining_time":1.938023497},
{"learn":[0.2484884636],"iteration":704,"passed_time":4.61564319,"remaining_time":1.931368427},
{"learn":[0.2484515495],"iteration":705,"passed_time":4.626687316,"remaining_time":1.926694151},
{"learn":[0.2483563164],"iteration":706,"passed_time":4.632984714,"remaining_time":1.920034684},
{"learn":[0.2483242706],"iteration":707,"passed_time":4.638749946,"remaining_time":1.913156757},
{"learn":[0.2482942157],"iteration":708,"passed_time":4.64467172,"remaining_time":1.906346221},
{"learn":[0.2482556685],"iteration":709,"passed_time":4.652369777,"remaining_time":1.900263712},
{"learn":[0.2481945009],"iteration":710,"passed_time":4.659265254,"remaining_time":1.893850434},
{"learn":[0.2481678653],"iteration":711,"passed_time":4.666154866,"remaining_time":1.887433429},
{"learn":[0.2481485103],"iteration":712,"passed_time":4.67176505,"remaining_time":1.880500097},
{"learn":[0.2481303145],"iteration":713,"passed_time":4.677742482,"remaining_time":1.873717577},
{"learn":[0.2480765744],"iteration":714,"passed_time":4.686331989,"remaining_time":1.867978485},
{"learn":[0.2480549249],"iteration":715,"passed_time":4.692838977,"remaining_time":1.861405404},
{"learn":[0.2480369597],"iteration":716,"passed_time":4.699273939,"remaining_time":1.854804079},
{"learn":[0.2480011746],"iteration":717,"passed_time":4.706128179,"remaining_time":1.848367892},
{"learn":[0.2479673298],"iteration":718,"passed_time":4.712489424,"remaining_time":1.84173787},
{"learn":[0.247923926],"iteration":719,"passed_time":4.71874034,"remaining_time":1.835065688},
{"learn":[0.2478533831],"iteration":720,"passed_time":4.724804421,"remaining_time":1.828322377},
{"learn":[0.2478348236],"iteration":721,"passed_time":4.730821302,"remaining_time":1.821562773},
{"learn":[0.2478007998],"iteration":722,"passed_time":4.739772416,"remaining_time":1.815929404},
{"learn":[0.2477593002],"iteration":723,"passed_time":4.746324974,"remaining_time":1.809372504},
{"learn":[0.2477360021],"iteration":724,"passed_time":4.754705749,"remaining_time":1.803509077},
{"learn":[0.2477097267],"iteration":725,"passed_time":4.761132594,"remaining_time":1.796901282},
{"learn":[0.2476714831],"iteration":726,"passed_time":4.768022451,"remaining_time":1.790467853},
{"learn":[0.2476210859],"iteration":727,"passed_time":4.777339306,"remaining_time":1.78493996},
{"learn":[0.2475915244],"iteration":728,"passed_time":4.788057865,"remaining_time":1.779922746},
{"learn":[0.247566584],"iteration":729,"passed_time":4.794128223,"remaining_time":1.773170713},
{"learn":[0.247514338],"iteration":730,"passed_time":4.800946911,"remaining_time":1.766695922},
{"learn":[0.2474783445],"iteration":731,"passed_time":4.808316671,"remaining_time":1.760421951},
{"learn":[0.2474422019],"iteration":732,"passed_time":4.817401709,"remaining_time":1.75476979},
{"learn":[0.2474280219],"iteration":733,"passed_time":4.823950639,"remaining_time":1.748189196},
{"learn":[0.2473674484],"iteration":734,"passed_time":4.829999149,"remaining_time":1.741428265},
{"learn":[0.2473388748],"iteration":735,"passed_time":4.835801253,"remaining_time":1.734580884},
{"learn":[0.2473056035],"iteration":736,"passed_time":4.841601668,"remaining_time":1.727735738},
{"learn":[0.2472556652],"iteration":737,"passed_time":4.848062255,"remaining_time":1.721127793},
{"learn":[0.2472172144],"iteration":738,"passed_time":4.861070162,"remaining_time":1.716832628},
{"learn":[0.2471617709],"iteration":739,"passed_time":4.868128107,"remaining_time":1.710423389},
{"learn":[0.2471269552],"iteration":740,"passed_time":4.873933963,"remaining_time":1.703574759},
{"learn":[0.2471000076],"iteration":741,"passed_time":4.880113215,"remaining_time":1.696858773},
{"learn":[0.2470879394],"iteration":742,"passed_time":4.886940845,"remaining_time":1.690368502},
{"learn":[0.2470353052],"iteration":743,"passed_time":4.893198731,"remaining_time":1.683681284},
{"learn":[0.24699675],"iteration":744,"passed_time":4.899941772,"remaining_time":1.677161278},
{"learn":[0.2469727684],"iteration":745,"passed_time":4.905704512,"remaining_time":1.670306898},
{"learn":[0.2469076208],"iteration":746,"passed_time":4.912000617,"remaining_time":1.663636086},
{"learn":[0.2468504734],"iteration":747,"passed_time":4.921272351,"remaining_time":1.65796876},
{"learn":[0.2468125941],"iteration":748,"passed_time":4.928011266,"remaining_time":1.651443028},
{"learn":[0.2467726368],"iteration":749,"passed_time":4.936337031,"remaining_time":1.645445677},
{"learn":[0.2467215525],"iteration":750,"passed_time":4.943677708,"remaining_time":1.639115512},
{"learn":[0.2466584143],"iteration":751,"passed_time":4.950365777,"remaining_time":1.632567437},
{"learn":[0.2466003331],"iteration":752,"passed_time":4.961212323,"remaining_time":1.627383059},
{"learn":[0.2465499472],"iteration":753,"passed_time":4.968924706,"remaining_time":1.621161111},
{"learn":[0.2465087478],"iteration":754,"passed_time":4.975624162,"remaining_time":1.614606516},
{"learn":[0.2464627941],"iteration":755,"passed_time":4.982304101,"remaining_time":1.608045239},
{"learn":[0.2464372701],"iteration":756,"passed_time":4.989181226,"remaining_time":1.601546946},
{"learn":[0.2463986993],"iteration":757,"passed_time":4.996334303,"remaining_time":1.595135754},
{"learn":[0.246341432],"iteration":758,"passed_time":5.002885612,"remaining_time":1.588531531},
{"learn":[0.2462873479],"iteration":759,"passed_time":5.011273665,"remaining_time":1.582507473},
{"learn":[0.2462602057],"iteration":760,"passed_time":5.017140851,"remaining_time":1.575685497},
{"learn":[0.2462200938],"iteration":761,"passed_time":5.024515493,"remaining_time":1.56933686},
{"learn":[0.2461534505],"iteration":762,"passed_time":5.030625556,"remaining_time":1.562592735},
{"learn":[0.2461172777],"iteration":763,"passed_time":5.037084432,"remaining_time":1.555958018},
{"learn":[0.2460769126],"iteration":764,"passed_time":5.043322809,"remaining_time":1.549256026},
{"learn":[0.2460341958],"iteration":765,"passed_time":5.04966224,"remaining_time":1.542586115},
{"learn":[0.2459956764],"iteration":766,"passed_time":5.055871754,"remaining_time":1.535877599},
{"learn":[0.2459768501],"iteration":767,"passed_time":5.061412778,"remaining_time":1.528968443},
{"learn":[0.2459371727],"iteration":768,"passed_time":5.067162909,"remaining_time":1.522125659},
{"learn":[0.2459030302],"iteration":769,"passed_time":5.073008692,"remaining_time":1.515314285},
{"learn":[0.2458809478],"iteration":770,"passed_time":5.078957754,"remaining_time":1.50853609},
{"learn":[0.2458337756],"iteration":771,"passed_time":5.08710231,"remaining_time":1.502408454},
{"learn":[0.2458000121],"iteration":772,"passed_time":5.092780435,"remaining_time":1.495551305},
{"learn":[0.2457471473],"iteration":773,"passed_time":5.099657425,"remaining_time":1.489047258},
{"learn":[0.2457133347],"iteration":774,"passed_time":5.105272365,"remaining_time":1.482175848},
{"learn":[0.2456682167],"iteration":775,"passed_time":5.110973374,"remaining_time":1.47533252},
{"learn":[0.2456322804],"iteration":776,"passed_time":5.116719695,"remaining_time":1.468505138},
{"learn":[0.2455766465],"iteration":777,"passed_time":5.122510726,"remaining_time":1.461693292},
{"learn":[0.2455457412],"iteration":778,"passed_time":5.127949311,"remaining_time":1.454784079},
{"learn":[0.2455244981],"iteration":779,"passed_time":5.133521482,"remaining_time":1.447916315},
{"learn":[0.2454606394],"iteration":780,"passed_time":5.140119007,"remaining_time":1.441339389},
{"learn":[0.2454274573],"iteration":781,"passed_time":5.146471673,"remaining_time":1.434694149},
{"learn":[0.2454035123],"iteration":782,"passed_time":5.154910974,"remaining_time":1.428627945},
{"learn":[0.2453535857],"iteration":783,"passed_time":5.161604707,"remaining_time":1.422074766},
{"learn":[0.2453138232],"iteration":784,"passed_time":5.167392609,"remaining_time":1.415273135},
{"learn":[0.2452716995],"iteration":785,"passed_time":5.172964594,"remaining_time":1.408415297},
{"learn":[0.245239149],"iteration":786,"passed_time":5.178960549,"remaining_time":1.401675472},
{"learn":[0.2452209926],"iteration":787,"passed_time":5.186586469,"remaining_time":1.395376055},
{"learn":[0.2451821916],"iteration":788,"passed_time":5.19303681,"remaining_time":1.388758894},
{"learn":[0.2451502069],"iteration":789,"passed_time":5.198839813,"remaining_time":1.381970077},
{"learn":[0.2451041579],"iteration":790,"passed_time":5.204378424,"remaining_time":1.375113895},
{"learn":[0.245063709],"iteration":791,"passed_time":5.209890779,"remaining_time":1.368254144},
{"learn":[0.245032051],"iteration":792,"passed_time":5.215368782,"remaining_time":1.361388825},
{"learn":[0.2449853661],"iteration":793,"passed_time":5.221304084,"remaining_time":1.354645644},
{"learn":[0.244948143],"iteration":794,"passed_time":5.228084372,"remaining_time":1.348122385},
{"learn":[0.24491651],"iteration":795,"passed_time":5.234625636,"remaining_time":1.341537223},
{"learn":[0.2448838747],"iteration":796,"passed_time":5.240064258,"remaining_time":1.334671323},
{"learn":[0.2448693451],"iteration":797,"passed_time":5.245378062,"remaining_time":1.327777404},
{"learn":[0.2448546037],"iteration":798,"passed_time":5.250829129,"remaining_time":1.320921971},
{"learn":[0.2448263072],"iteration":799,"passed_time":5.257975267,"remaining_time":1.314493817},
{"learn":[0.2447868851],"iteration":800,"passed_time":5.264798321,"remaining_time":1.307983603},
{"learn":[0.2447469739],"iteration":801,"passed_time":5.270684445,"remaining_time":1.301241297},
{"learn":[0.2447072038],"iteration":802,"passed_time":5.276595734,"remaining_time":1.294507297},
{"learn":[0.2446606964],"iteration":803,"passed_time":5.282917265,"remaining_time":1.287875353},
{"learn":[0.2446274185],"iteration":804,"passed_time":5.288452277,"remaining_time":1.281053657},
{"learn":[0.2445894501],"iteration":805,"passed_time":5.295713857,"remaining_time":1.27465073},
{"learn":[0.2445405317],"iteration":806,"passed_time":5.303549882,"remaining_time":1.268383057},
{"learn":[0.2445019183],"iteration":807,"passed_time":5.311009182,"remaining_time":1.262021984},
{"learn":[0.2444727432],"iteration":808,"passed_time":5.317612979,"remaining_time":1.255456216},
{"learn":[0.2444517768],"iteration":809,"passed_time":5.324095428,"remaining_time":1.248861891},
{"learn":[0.2444068781],"iteration":810,"passed_time":5.330613661,"remaining_time":1.24227618},
{"learn":[0.2443767444],"iteration":811,"passed_time":5.337189794,"remaining_time":1.235704041},
{"learn":[0.2443409575],"iteration":812,"passed_time":5.343049668,"remaining_time":1.228967144},
{"learn":[0.2443036667],"iteration":813,"passed_time":5.351333326,"remaining_time":1.222786239},
{"learn":[0.2442658706],"iteration":814,"passed_time":5.358323559,"remaining_time":1.216306575},
{"learn":[0.2442212399],"iteration":815,"passed_time":5.366430393,"remaining_time":1.210077442},
{"learn":[0.244184217],"iteration":816,"passed_time":5.374794143,"remaining_time":1.203901258},
{"learn":[0.2441460156],"iteration":817,"passed_time":5.384353914,"remaining_time":1.197985834},
{"learn":[0.2441098781],"iteration":818,"passed_time":5.390433933,"remaining_time":1.191292481},
{"learn":[0.2440990248],"iteration":819,"passed_time":5.396911456,"remaining_time":1.184687881},
{"learn":[0.2440553801],"iteration":820,"passed_time":5.402880775,"remaining_time":1.177972788},
{"learn":[0.2440309505],"iteration":821,"passed_time":5.41230088,"remaining_time":1.17200676},
{"learn":[0.2440120373],"iteration":822,"passed_time":5.41837541,"remaining_time":1.165312816},
{"learn":[0.2439755909],"iteration":823,"passed_time":5.4247423,"remaining_time":1.158682821},
{"learn":[0.2439378149],"iteration":824,"passed_time":5.431543228,"remaining_time":1.152145533},
{"learn":[0.2438987134],"iteration":825,"passed_time":5.439054959,"remaining_time":1.14575734},
{"learn":[0.2438694665],"iteration":826,"passed_time":5.452053932,"remaining_time":1.140514305},
{"learn":[0.2438420881],"iteration":827,"passed_time":5.457666773,"remaining_time":1.133718219},
{"learn":[0.2437569749],"iteration":828,"passed_time":5.464727301,"remaining_time":1.127223605},
{"learn":[0.2437209597],"iteration":829,"passed_time":5.470639433,"remaining_time":1.120492414},
{"learn":[0.243682923],"iteration":830,"passed_time":5.476681279,"remaining_time":1.113789574},
{"learn":[0.2436256993],"iteration":831,"passed_time":5.482865948,"remaining_time":1.107117163},
{"learn":[0.2435756148],"iteration":832,"passed_time":5.489613214,"remaining_time":1.100558712},
{"learn":[0.243550872],"iteration":833,"passed_time":5.495816889,"remaining_time":1.093891611},
{"learn":[0.2435196931],"iteration":834,"passed_time":5.503529582,"remaining_time":1.08752381},
{"learn":[0.2434819902],"iteration":835,"passed_time":5.510188691,"remaining_time":1.080946107},
{"learn":[0.2434484354],"iteration":836,"passed_time":5.516705736,"remaining_time":1.074340544},
{"learn":[0.2434043594],"iteration":837,"passed_time":5.523197385,"remaining_time":1.067730282},
{"learn":[0.2433908731],"iteration":838,"passed_time":5.528957335,"remaining_time":1.060979894},
{"learn":[0.2433695178],"iteration":839,"passed_time":5.535295323,"remaining_time":1.054341966},
{"learn":[0.2433457164],"iteration":840,"passed_time":5.541958267,"remaining_time":1.047766188},
{"learn":[0.2433101859],"iteration":841,"passed_time":5.548022494,"remaining_time":1.041077855},
{"learn":[0.2432486558],"iteration":842,"passed_time":5.55430236,"remaining_time":1.034431163},
{"learn":[0.2431995116],"iteration":843,"passed_time":5.560711752,"remaining_time":1.027809281},
{"learn":[0.2431692244],"iteration":844,"passed_time":5.566738528,"remaining_time":1.021117718},
{"learn":[0.2431110961],"iteration":845,"passed_time":5.573949716,"remaining_time":1.014643329},
{"learn":[0.2430452361],"iteration":846,"passed_time":5.580051109,"remaining_time":1.007966729},
{"learn":[0.2429936871],"iteration":847,"passed_time":5.588337465,"remaining_time":1.001683131},
{"learn":[0.2429596522],"iteration":848,"passed_time":5.594747692,"remaining_time":0.9950611325},
{"learn":[0.2429199588],"iteration":849,"passed_time":5.602650128,"remaining_time":0.9887029639},
{"learn":[0.2429022219],"iteration":850,"passed_time":5.610424348,"remaining_time":0.9823187166},
{"learn":[0.2428793996],"iteration":851,"passed_time":5.618268709,"remaining_time":0.9759433908},
{"learn":[0.2428438106],"iteration":852,"passed_time":5.624354423,"remaining_time":0.9692615477},
{"learn":[0.2427918524],"iteration":853,"passed_time":5.630414327,"remaining_time":0.9625766882},
{"learn":[0.2427594332],"iteration":854,"passed_time":5.638748659,"remaining_time":0.9562790124},
{"learn":[0.2427030739],"iteration":855,"passed_time":5.646505213,"remaining_time":0.9498793816},
{"learn":[0.2426531951],"iteration":856,"passed_time":5.653751525,"remaining_time":0.9433914447},
{"learn":[0.2425903888],"iteration":857,"passed_time":5.660929182,"remaining_time":0.9368903775},
{"learn":[0.2425071649],"iteration":858,"passed_time":5.666949835,"remaining_time":0.9301978193},
{"learn":[0.2424554384],"iteration":859,"passed_time":5.678570007,"remaining_time":0.9244183733},
{"learn":[0.2424117797],"iteration":860,"passed_time":5.685463489,"remaining_time":0.9178622821},
{"learn":[0.2423726542],"iteration":861,"passed_time":5.692024206,"remaining_time":0.911252135},
{"learn":[0.2423445725],"iteration":862,"passed_time":5.698481756,"remaining_time":0.9046257249},
{"learn":[0.2423266559],"iteration":863,"passed_time":5.704842919,"remaining_time":0.8979845336},
{"learn":[0.2422781089],"iteration":864,"passed_time":5.711259529,"remaining_time":0.8913526433},
{"learn":[0.2422308224],"iteration":865,"passed_time":5.717503864,"remaining_time":0.8846945932},
{"learn":[0.2421955996],"iteration":866,"passed_time":5.723914726,"remaining_time":0.8780630434},
{"learn":[0.2421635625],"iteration":867,"passed_time":5.732334849,"remaining_time":0.8717375576},
{"learn":[0.2421411348],"iteration":868,"passed_time":5.740996745,"remaining_time":0.865443698},
{"learn":[0.2421180363],"iteration":869,"passed_time":5.747452654,"remaining_time":0.8588147644},
{"learn":[0.2421000608],"iteration":870,"passed_time":5.7530798,"remaining_time":0.8520634836},
{"learn":[0.2420674968],"iteration":871,"passed_time":5.759460282,"remaining_time":0.8454253625},
{"learn":[0.2420135798],"iteration":872,"passed_time":5.765968116,"remaining_time":0.8388063583},
{"learn":[0.2419667419],"iteration":873,"passed_time":5.773728274,"remaining_time":0.8323681494},
{"learn":[0.2419174208],"iteration":874,"passed_time":5.780137175,"remaining_time":0.8257338822},
{"learn":[0.24189567],"iteration":875,"passed_time":5.785883567,"remaining_time":0.8190063497},
{"learn":[0.2418530698],"iteration":876,"passed_time":5.79226909,"remaining_time":0.8123706934},
{"learn":[0.2418003718],"iteration":877,"passed_time":5.79836424,"remaining_time":0.8056952588},
{"learn":[0.2417648752],"iteration":878,"passed_time":5.806505513,"remaining_time":0.7993028067},
{"learn":[0.2417268694],"iteration":879,"passed_time":5.812506077,"remaining_time":0.792614465},
{"learn":[0.2417123702],"iteration":880,"passed_time":5.818339688,"remaining_time":0.7859051337},
{"learn":[0.24168598],"iteration":881,"passed_time":5.824092086,"remaining_time":0.7791869231},
{"learn":[0.2416675047],"iteration":882,"passed_time":5.829618529,"remaining_time":0.7724409603},
{"learn":[0.241629086],"iteration":883,"passed_time":5.835509609,"remaining_time":0.7657456048},
{"learn":[0.2416023424],"iteration":884,"passed_time":5.847911759,"remaining_time":0.7598981382},
{"learn":[0.2415785615],"iteration":885,"passed_time":5.853934667,"remaining_time":0.7532150701},
{"learn":[0.2415222673],"iteration":886,"passed_time":5.85998674,"remaining_time":0.7465372059},
{"learn":[0.2414459819],"iteration":887,"passed_time":5.865778268,"remaining_time":0.7398278896},
{"learn":[0.2414053278],"iteration":888,"passed_time":5.871646016,"remaining_time":0.733130155},
{"learn":[0.2413712442],"iteration":889,"passed_time":5.883772208,"remaining_time":0.727207801},
{"learn":[0.2413254748],"iteration":890,"passed_time":5.889761121,"remaining_time":0.7205207207},
{"learn":[0.2412950745],"iteration":891,"passed_time":5.89519981,"remaining_time":0.7137685869},
{"learn":[0.2412661657],"iteration":892,"passed_time":5.900569756,"remaining_time":0.7070111578},
{"learn":[0.2412145825],"iteration":893,"passed_time":5.906465456,"remaining_time":0.7003191704},
{"learn":[0.2411731241],"iteration":894,"passed_time":5.913863485,"remaining_time":0.6938052134},
{"learn":[0.2411659696],"iteration":895,"passed_time":5.919591169,"remaining_time":0.6870954035},
{"learn":[0.2411428123],"iteration":896,"passed_time":5.925405441,"remaining_time":0.6803977262},
{"learn":[0.2411176589],"iteration":897,"passed_time":5.930868764,"remaining_time":0.6736621536},
{"learn":[0.241069228],"iteration":898,"passed_time":5.936400358,"remaining_time":0.6669370813},
{"learn":[0.2410554927],"iteration":899,"passed_time":5.943014798,"remaining_time":0.6603349776},
{"learn":[0.240992173],"iteration":900,"passed_time":5.948661489,"remaining_time":0.6536265121},
{"learn":[0.2409626379],"iteration":901,"passed_time":5.954078699,"remaining_time":0.6468954684},
{"learn":[0.2409157194],"iteration":902,"passed_time":5.959507279,"remaining_time":0.640168556},
{"learn":[0.2408689524],"iteration":903,"passed_time":5.965564351,"remaining_time":0.6335112586},
{"learn":[0.2408448677],"iteration":904,"passed_time":5.971176504,"remaining_time":0.6268085833},
{"learn":[0.2407079614],"iteration":905,"passed_time":5.978111393,"remaining_time":0.6202455529},
{"learn":[0.2406290668],"iteration":906,"passed_time":5.984005763,"remaining_time":0.6135750121},
{"learn":[0.2405461849],"iteration":907,"passed_time":5.989751526,"remaining_time":0.6068911238},
{"learn":[0.2405251099],"iteration":908,"passed_time":5.99521721,"remaining_time":0.6001812609},
{"learn":[0.240481584],"iteration":909,"passed_time":6.001824983,"remaining_time":0.5935870863},
{"learn":[0.2404445507],"iteration":910,"passed_time":6.01088725,"remaining_time":0.5872326731},
{"learn":[0.2404062561],"iteration":911,"passed_time":6.017317178,"remaining_time":0.5806183242},
{"learn":[0.2403352321],"iteration":912,"passed_time":6.02374206,"remaining_time":0.5740038984},
{"learn":[0.2403123756],"iteration":913,"passed_time":6.029770448,"remaining_time":0.5673525804},
{"learn":[0.2402627707],"iteration":914,"passed_time":6.035454177,"remaining_time":0.5606706066},
{"learn":[0.2402216972],"iteration":915,"passed_time":6.041576957,"remaining_time":0.5540310747},
{"learn":[0.2401690443],"iteration":916,"passed_time":6.047631939,"remaining_time":0.5473865332},
{"learn":[0.2401353914],"iteration":917,"passed_time":6.053595801,"remaining_time":0.5407351369},
{"learn":[0.2401068607],"iteration":918,"passed_time":6.05919953,"remaining_time":0.534053495},
{"learn":[0.2400548268],"iteration":919,"passed_time":6.065196863,"remaining_time":0.5274084228},
{"learn":[0.2400129978],"iteration":920,"passed_time":6.072410833,"remaining_time":0.520869116},
{"learn":[0.2399919015],"iteration":921,"passed_time":6.078409423,"remaining_time":0.514225526},
{"learn":[0.2399653544],"iteration":922,"passed_time":6.084902904,"remaining_time":0.5076246193},
{"learn":[0.2399203],"iteration":923,"passed_time":6.091047255,"remaining_time":0.5009952288},
{"learn":[0.2398903903],"iteration":924,"passed_time":6.097107827,"remaining_time":0.4943600941},
{"learn":[0.2398636243],"iteration":925,"passed_time":6.104100585,"remaining_time":0.4878006947},
{"learn":[0.2398317707],"iteration":926,"passed_time":6.109664351,"remaining_time":0.4811278291},
{"learn":[0.2398167821],"iteration":927,"passed_time":6.115453893,"remaining_time":0.474474871},
{"learn":[0.2397752607],"iteration":928,"passed_time":6.121695304,"remaining_time":0.4678583063},
{"learn":[0.2397569841],"iteration":929,"passed_time":6.128128736,"remaining_time":0.4612570016},
{"learn":[0.2396966409],"iteration":930,"passed_time":6.133922722,"remaining_time":0.4546086658},
{"learn":[0.2396677432],"iteration":931,"passed_time":6.143230095,"remaining_time":0.4482185048},
{"learn":[0.2396391852],"iteration":932,"passed_time":6.149880203,"remaining_time":0.4416312686},
{"learn":[0.2396120274],"iteration":933,"passed_time":6.155904088,"remaining_time":0.4349996465},
{"learn":[0.2395879718],"iteration":934,"passed_time":6.162667028,"remaining_time":0.4284207025},
{"learn":[0.2395681901],"iteration":935,"passed_time":6.168432421,"remaining_time":0.421773157},
{"learn":[0.2395549777],"iteration":936,"passed_time":6.178073422,"remaining_time":0.4153880743},
{"learn":[0.2395348132],"iteration":937,"passed_time":6.184491231,"remaining_time":0.4087830025},
{"learn":[0.2395102695],"iteration":938,"passed_time":6.190677503,"remaining_time":0.4021632883},
{"learn":[0.2394638652],"iteration":939,"passed_time":6.197393095,"remaining_time":0.3955782826},
{"learn":[0.2394224777],"iteration":940,"passed_time":6.203994231,"remaining_time":0.3889858232},
{"learn":[0.2393795987],"iteration":941,"passed_time":6.217753319,"remaining_time":0.3828340685},
{"learn":[0.2393203696],"iteration":942,"passed_time":6.225100899,"remaining_time":0.3762786333},
{"learn":[0.239284775],"iteration":943,"passed_time":6.231427012,"remaining_time":0.3696609244},
{"learn":[0.2392490816],"iteration":944,"passed_time":6.237769204,"remaining_time":0.3630447685},
{"learn":[0.2392337662],"iteration":945,"passed_time":6.244142756,"remaining_time":0.3564309819},
{"learn":[0.2391838004],"iteration":946,"passed_time":6.250703236,"remaining_time":0.3498281642},
{"learn":[0.2391357881],"iteration":947,"passed_time":6.256662923,"remaining_time":0.343192481},
{"learn":[0.2391139725],"iteration":948,"passed_time":6.263263393,"remaining_time":0.3365926586},
{"learn":[0.2390734583],"iteration":949,"passed_time":6.269722035,"remaining_time":0.3299853702},
{"learn":[0.2390359522],"iteration":950,"passed_time":6.275646792,"remaining_time":0.3233508863},
{"learn":[0.238966838],"iteration":951,"passed_time":6.282368567,"remaining_time":0.316758079},
{"learn":[0.2389331524],"iteration":952,"passed_time":6.288166556,"remaining_time":0.3101194419},
{"learn":[0.2389159579],"iteration":953,"passed_time":6.294098599,"remaining_time":0.303489031},
{"learn":[0.2388823914],"iteration":954,"passed_time":6.299918062,"remaining_time":0.2968547778},
{"learn":[0.2388393232],"iteration":955,"passed_time":6.306656857,"remaining_time":0.2902645416},
{"learn":[0.2387890539],"iteration":956,"passed_time":6.312846066,"remaining_time":0.2836493008},
{"learn":[0.2387488762],"iteration":957,"passed_time":6.318428553,"remaining_time":0.2770083499},
{"learn":[0.2387042359],"iteration":958,"passed_time":6.324244749,"remaining_time":0.2703795982},
{"learn":[0.2386752871],"iteration":959,"passed_time":6.330189261,"remaining_time":0.2637578859},
{"learn":[0.2385779748],"iteration":960,"passed_time":6.335774579,"remaining_time":0.2571230058},
{"learn":[0.2385586794],"iteration":961,"passed_time":6.342156896,"remaining_time":0.2505217901},
{"learn":[0.2385277421],"iteration":962,"passed_time":6.347836453,"remaining_time":0.2438940278},
{"learn":[0.238505293],"iteration":963,"passed_time":6.35324167,"remaining_time":0.2372579877},
{"learn":[0.2384706672],"iteration":964,"passed_time":6.358654723,"remaining_time":0.2306247827},
{"learn":[0.2384162784],"iteration":965,"passed_time":6.365084331,"remaining_time":0.2240298833},
{"learn":[0.2383688258],"iteration":966,"passed_time":6.371164292,"remaining_time":0.2174233936},
{"learn":[0.2383451307],"iteration":967,"passed_time":6.37896761,"remaining_time":0.2108749623},
{"learn":[0.2383264937],"iteration":968,"passed_time":6.385921507,"remaining_time":0.2042967665},
{"learn":[0.2382808912],"iteration":969,"passed_time":6.392060585,"remaining_time":0.1976925954},
{"learn":[0.2382561188],"iteration":970,"passed_time":6.398016115,"remaining_time":0.1910839005},
{"learn":[0.2382149853],"iteration":971,"passed_time":6.405756905,"remaining_time":0.1845279767},
{"learn":[0.238179746],"iteration":972,"passed_time":6.413153196,"remaining_time":0.1779600578},
{"learn":[0.2381548368],"iteration":973,"passed_time":6.420129912,"remaining_time":0.1713792379},
{"learn":[0.238088922],"iteration":974,"passed_time":6.426103217,"remaining_time":0.1647718773},
{"learn":[0.2380564701],"iteration":975,"passed_time":6.431700777,"remaining_time":0.1581565765},
{"learn":[0.2380280418],"iteration":976,"passed_time":6.438056221,"remaining_time":0.1515612007},
{"learn":[0.2379554329],"iteration":977,"passed_time":6.444003938,"remaining_time":0.1449571438},
{"learn":[0.2379130494],"iteration":978,"passed_time":6.450958381,"remaining_time":0.1383760225},
{"learn":[0.2378672263],"iteration":979,"passed_time":6.457214489,"remaining_time":0.1317798875},
{"learn":[0.2378253387],"iteration":980,"passed_time":6.462892964,"remaining_time":0.1251732582},
{"learn":[0.2377990706],"iteration":981,"passed_time":6.469570296,"remaining_time":0.1185868282},
{"learn":[0.2377829319],"iteration":982,"passed_time":6.475574563,"remaining_time":0.1119885733},
{"learn":[0.2377589605],"iteration":983,"passed_time":6.480999718,"remaining_time":0.1053821092},
{"learn":[0.2376898123],"iteration":984,"passed_time":6.48693771,"remaining_time":0.09878585346},
{"learn":[0.2376396452],"iteration":985,"passed_time":6.493176695,"remaining_time":0.09219520663},
{"learn":[0.2376047371],"iteration":986,"passed_time":6.500092329,"remaining_time":0.08561418467},
{"learn":[0.2375685455],"iteration":987,"passed_time":6.505619215,"remaining_time":0.07901561799},
{"learn":[0.2375403369],"iteration":988,"passed_time":6.512211077,"remaining_time":0.07243106354},
{"learn":[0.2374998067],"iteration":989,"passed_time":6.517835124,"remaining_time":0.06583671843},
{"learn":[0.2374568696],"iteration":990,"passed_time":6.523629349,"remaining_time":0.05924587704},
{"learn":[0.2374179],"iteration":991,"passed_time":6.52945889,"remaining_time":0.05265692653},
{"learn":[0.2373595633],"iteration":992,"passed_time":6.535465703,"remaining_time":0.04607075521},
{"learn":[0.2373349515],"iteration":993,"passed_time":6.540919615,"remaining_time":0.03948241216},
{"learn":[0.2373065092],"iteration":994,"passed_time":6.547392075,"remaining_time":0.03290146771},
{"learn":[0.237265359],"iteration":995,"passed_time":6.553477485,"remaining_time":0.02631918669},
{"learn":[0.2372264717],"iteration":996,"passed_time":6.55901123,"remaining_time":0.01973624242},
{"learn":[0.2371988848],"iteration":997,"passed_time":6.565597222,"remaining_time":0.01315750946},
{"learn":[0.2371630458],"iteration":998,"passed_time":6.571648881,"remaining_time":0.006578227108},
{"learn":[0.237142372],"iteration":999,"passed_time":6.577343754,"remaining_time":0}
]}